"screen_name","user_id","created_at","status_id","text","retweet_count","favorite_count","is_quote_status","quote_status_id","is_retweet","retweet_status_id","in_reply_to_status_status_id","in_reply_to_status_user_id","in_reply_to_status_screen_name","lang","source","media_id","media_url","media_url_expanded","urls","urls_display","urls_expanded","mentions_screen_name","mentions_user_id","symbols","hashtags","coordinates","place_id","place_type","place_name","place_full_name","country_code","country","bounding_box_coordinates","bounding_box_type"
"CIDRAP","36406830",2018-03-01 21:51:21,"969329266516217856","RT @AFHSBPAGE: The percentage of outpatient visits for #Influenza-like illnesses (ILI) dropped for the first time this #Flu season in the U…",2,0,FALSE,NA,TRUE,"969264772096184320",NA,NA,NA,"en","Hootsuite",NA,NA,NA,NA,NA,NA,"AFHSBPAGE","1117395169",NA,"Influenza Flu",NA,NA,NA,NA,NA,NA,NA,NA,NA
"Max_Noronha_Flu","137498724",2018-03-01 21:51:19,"969329260522598400","NENSEEEEEEE",0,1,FALSE,NA,FALSE,NA,NA,NA,NA,"nl","Facebook",NA,NA,NA,NA,NA,NA,NA,NA,NA,NA,NA,NA,NA,NA,NA,NA,NA,NA,NA
"BluntDrJChen","787396885741010944",2018-03-01 21:51:18,"969329257267761152","RT @umpibs: ""4 things you need to know right now to protect yourself from the flu"" 
#Vaccinate #Flu
https://t.co/IWve5AERw7",1,0,FALSE,NA,TRUE,"969252209081880576",NA,NA,NA,"en","Twitter for iPhone",NA,NA,NA,NA,"bit.ly/2FxuxP5","http://bit.ly/2FxuxP5","umpibs","4331877975",NA,"Vaccinate Flu",NA,NA,NA,NA,NA,NA,NA,NA,NA
"UMDIGH","862401548047056900",2018-03-01 21:51:17,"969329250175209478","Our #flu expert @kathleen_neuzil @umdcvd gives some good pointers on the seasonal #flu shot… https://t.co/vvnZFdNEwv",0,0,TRUE,"969256068571369473",FALSE,NA,NA,NA,NA,"en","Twitter Web Client",NA,NA,NA,NA,"twitter.com/i/web/status/9…","https://twitter.com/i/web/status/969329250175209478","kathleen_neuzil","3689684134",NA,"flu flu",NA,NA,NA,NA,NA,NA,NA,NA,NA
"CloeteHeather","808081070671482882",2018-03-01 21:51:16,"969329248912723969","RT @thedailybeast: A new study found that people with the flu could contaminate the air around them simply by breathing https://t.co/2fRxUH…",17,0,FALSE,NA,TRUE,"969316482571218945",NA,NA,NA,"en","Twitter for Android",NA,NA,NA,NA,NA,NA,"thedailybeast","16012783",NA,NA,NA,NA,NA,NA,NA,NA,NA,NA,NA
"madisongaudet","2756467597",2018-03-01 21:51:12,"969329231720271872","RT @kendallruth26: what kinda flu makes you look like this I’ll take 10 https://t.co/Yvut8rh9ms",6,0,TRUE,"968939297066774528",TRUE,"969031243080896512",NA,NA,NA,"en","Twitter for iPhone",NA,NA,NA,NA,"twitter.com/alexisreng/sta…","https://twitter.com/alexisreng/status/968939297066774528","kendallruth26","759124521702088705",NA,NA,NA,NA,NA,NA,NA,NA,NA,NA,NA
"PuritanUSA","601067012",2018-03-01 21:51:10,"969329224015282177","Spring has sprung, so has the flu! But don't worry, we have Uni-Tranz RT - https://t.co/g9nkDB5exm #FlockTheFlu",0,0,FALSE,NA,FALSE,NA,NA,NA,NA,"en","HubSpot",NA,NA,NA,NA,"bit.ly/2Fc81yD","http://bit.ly/2Fc81yD",NA,NA,NA,"FlockTheFlu",NA,NA,NA,NA,NA,NA,NA,NA,NA
"luizasabg","50045830",2018-03-01 21:51:08,"969329214750158849","Depois de um início difícil, o Flu vive ótimo momento. São seis vitórias seguidas e cinco jogos sem sofrer gols. #lanceNILTON",1,1,FALSE,NA,FALSE,NA,NA,NA,NA,"pt","Twitter Web Client",NA,NA,NA,NA,NA,NA,NA,NA,NA,"lanceNILTON",NA,NA,NA,NA,NA,NA,NA,NA,NA
"MPTeutschbein","1190562716",2018-03-01 21:51:07,"969329209498849280","RT @felipe_siqueira: Flu e Avaí no trabalho de aquecimento #trnilton https://t.co/HzCOHZ6vD5",2,0,FALSE,NA,TRUE,"969329128066383872",NA,NA,NA,"pt","Twitter Web Client","969329124857798657","http://pbs.twimg.com/media/DXO_tA2W4AEs62q.jpg","https://twitter.com/felipe_siqueira/status/969329128066383872/photo/1",NA,NA,NA,"felipe_siqueira","27886811",NA,"trnilton",NA,NA,NA,NA,NA,NA,NA,NA,NA
"lunaticwindows","2845590130",2018-03-01 21:50:59,"969329176913371136","RT @owlerart: when youre sick with the flu HMUBUUOOGHOGOHOOBU <f0><U+009F><U+00A4><U+0092> https://t.co/gFT1Rg0F3j",226,0,FALSE,NA,TRUE,"968786318603051008",NA,NA,NA,"en","Twitter for Android","968785975643123712","http://pbs.twimg.com/media/DXHRtkWWsAAN0e9.jpg","https://twitter.com/owlerart/status/968786318603051008/photo/1",NA,NA,NA,"owlerart","1633120651",NA,NA,NA,NA,NA,NA,NA,NA,NA,NA,NA
"yancunha_3","722122008444669953",2018-03-01 21:50:58,"969329173704650752","gostei mt do treino do flu",0,0,FALSE,NA,FALSE,NA,NA,NA,NA,"pt","Twitter for Android",NA,NA,NA,NA,NA,NA,NA,NA,NA,NA,NA,NA,NA,NA,NA,NA,NA,NA,NA
"BrogdonRalph","1586862090",2018-03-01 21:50:57,"969329166326870016","RT @DLP1996: Dr. Darylnet Lyttle and @DLP1996 at WVST to heighten awareness of flu pandemic on campus. #VSUTransforms @LetiziaGBoone @Jamel…",2,0,FALSE,NA,TRUE,"968943271740354561",NA,NA,NA,"en","Twitter for iPad",NA,NA,NA,NA,NA,NA,"DLP1996 DLP1996 LetiziaGBoone","41886679 41886679 703064354745266176",NA,"VSUTransforms",NA,NA,NA,NA,NA,NA,NA,NA,NA
"LUCATYLER_","966355767422062592",2018-03-01 21:50:55,"969329159150354432","So you have the flu. Now what? https://t.co/q3RYB9fnFc https://t.co/yGVVyMWlmH",0,0,FALSE,NA,FALSE,NA,NA,NA,NA,"en","dlvr.it","969329156990279680","http://pbs.twimg.com/media/DXO_u4jVoAA51Nc.jpg","https://twitter.com/LUCATYLER_/status/969329159150354432/photo/1",NA,"dlvr.it/QJMjYN","http://dlvr.it/QJMjYN",NA,NA,NA,NA,NA,NA,NA,NA,NA,NA,NA,NA,NA
"bixnconeri","825378261165293568",2018-03-01 21:50:55,"969329158508679168","RT @felipe_siqueira: Flu e Avaí no trabalho de aquecimento #trnilton https://t.co/HzCOHZ6vD5",2,0,FALSE,NA,TRUE,"969329128066383872",NA,NA,NA,"pt","TweetDeck","969329124857798657","http://pbs.twimg.com/media/DXO_tA2W4AEs62q.jpg","https://twitter.com/felipe_siqueira/status/969329128066383872/photo/1",NA,NA,NA,"felipe_siqueira","27886811",NA,"trnilton",NA,NA,NA,NA,NA,NA,NA,NA,NA
"GetBizzyChrizzy","127656022",2018-03-01 21:50:48,"969329128536145921","RT @Danvito_: crazy how the Flu Shot been killing ppl. I ain't never had it but it's without question the biggest scam and quickest way to…",6,0,FALSE,NA,TRUE,"969245937251078145",NA,NA,NA,"en","Twitter for iPhone",NA,NA,NA,NA,NA,NA,"Danvito_","354153453",NA,NA,NA,NA,NA,NA,NA,NA,NA,NA,NA
"felipe_siqueira","27886811",2018-03-01 21:50:48,"969329128066383872","Flu e Avaí no trabalho de aquecimento #trnilton https://t.co/HzCOHZ6vD5",2,0,FALSE,NA,FALSE,NA,NA,NA,NA,"pt","Twitter for iPhone","969329124857798657","http://pbs.twimg.com/media/DXO_tA2W4AEs62q.jpg","https://twitter.com/felipe_siqueira/status/969329128066383872/photo/1",NA,NA,NA,NA,NA,NA,"trnilton",NA,NA,NA,NA,NA,NA,NA,NA,NA
"Deusnaldo","73951681",2018-03-01 21:50:45,"969329118327246849","caraca to na aula e mto nervoso c o flu",0,0,FALSE,NA,FALSE,NA,NA,NA,NA,"pt","Twitter for iPhone",NA,NA,NA,NA,NA,NA,NA,NA,NA,NA,NA,NA,NA,NA,NA,NA,NA,NA,NA
"brenomonsef","174757814",2018-03-01 21:50:35,"969329076673671169","Bin Laden do Fluzão no Setor Oeste do Niltão para acompanhar Flu x Avaí @RdMaisEsportes https://t.co/cVfG6dHrPz",0,1,FALSE,NA,FALSE,NA,NA,NA,NA,"pt","Twitter for Android","969329042418814977","http://pbs.twimg.com/media/DXO_oNvX0AEAcOK.jpg","https://twitter.com/brenomonsef/status/969329076673671169/photo/1",NA,NA,NA,"RdMaisEsportes","910996453207756800",NA,NA,NA,NA,NA,NA,NA,NA,NA,NA,NA
"GaryHallford","571181787",2018-03-01 21:50:32,"969329063293739008","Agreed. https://t.co/gB56acpasL",0,0,FALSE,NA,FALSE,NA,NA,NA,NA,"en","Facebook",NA,NA,NA,NA,"fb.me/8L13NzX6M","https://fb.me/8L13NzX6M",NA,NA,NA,NA,NA,NA,NA,NA,NA,NA,NA,NA,NA
"KKovaka","940756892724408320",2018-03-01 21:50:27,"969329040229314561","My friend Justin Bernstein philosophizing in the NYT with Zeke Emanuel!… https://t.co/OlYeWvfhvU",0,0,FALSE,NA,FALSE,NA,NA,NA,NA,"en","Twitter for iPhone",NA,NA,NA,NA,"twitter.com/i/web/status/9…","https://twitter.com/i/web/status/969329040229314561",NA,NA,NA,NA,NA,NA,NA,NA,NA,NA,NA,NA,NA
"Finessakaylee","575723417",2018-03-01 21:50:25,"969329032910311429","Okay father I get that you’re in Puerto Rico and I’m home with the flu. I’m jealous plz stop sending pics. Thanks https://t.co/T9jfMKzTdo",0,0,FALSE,NA,FALSE,NA,NA,NA,NA,"en","Twitter for iPhone","969329026849476608","http://pbs.twimg.com/media/DXO_nTvWkAAngC2.jpg","https://twitter.com/Finessakaylee/status/969329032910311429/photo/1",NA,NA,NA,NA,NA,NA,NA,NA,"00c39537733fa112","city","Queens","Queens, NY","US","United States","-73.962582 -73.699793 -73.699793 -73.962582 40.541722 40.541722 40.8000371 40.8000371","Polygon"
"CallMeSeven_","47136539",2018-03-01 21:50:24,"969329029311553536","@dreeezy_dre That has nothing to do with the flu shot and everything to do with the flu virus. If anything you shou… https://t.co/0XJ8i6rcZ6",0,0,FALSE,NA,FALSE,NA,"969318699361546247","563854492","dreeezy_dre","en","Twitter for iPhone",NA,NA,NA,NA,"twitter.com/i/web/status/9…","https://twitter.com/i/web/status/969329029311553536","dreeezy_dre","563854492",NA,NA,NA,NA,NA,NA,NA,NA,NA,NA,NA
"Hollyrope","1135450518",2018-03-01 21:50:19,"969329006368575488","@DominicWolfe I definitely must visit you and talk. By the way, hope you're feeling better Mr Wolfe, no flu will st… https://t.co/EzCg4lqAlR",0,0,FALSE,NA,FALSE,NA,"969326027485822976","615679219","DominicWolfe","en","Twitter Web Client",NA,NA,NA,NA,"twitter.com/i/web/status/9…","https://twitter.com/i/web/status/969329006368575488","DominicWolfe","615679219",NA,NA,NA,NA,NA,NA,NA,NA,NA,NA,NA
"lpluispaullo","3326855529",2018-03-01 21:50:16,"969328997703221251","Sério que tem jogo do Flu agr?",0,0,FALSE,NA,FALSE,NA,NA,NA,NA,"pt","Twitter for Android",NA,NA,NA,NA,NA,NA,NA,NA,NA,NA,NA,NA,NA,NA,NA,NA,NA,NA,NA
"erin_hurst","391753321",2018-03-01 21:50:14,"969328986575785984","It is wonderful to feel back among the living after a few days with something like the flu. I’ll always value that… https://t.co/YzOWtEEAyN",0,0,FALSE,NA,FALSE,NA,NA,NA,NA,"en","Twitter for iPhone",NA,NA,NA,NA,"twitter.com/i/web/status/9…","https://twitter.com/i/web/status/969328986575785984",NA,NA,NA,NA,NA,NA,NA,NA,NA,NA,NA,NA,NA
"ChemistDruggist","20503909",2018-03-01 21:50:05,"969328949175242752","Chief exec @candhlpc told C+D last week he knew of “very few” contractors who had secured a September delivery date… https://t.co/iRr361e2O2",0,0,FALSE,NA,FALSE,NA,NA,NA,NA,"en","Hootsuite",NA,NA,NA,NA,"twitter.com/i/web/status/9…","https://twitter.com/i/web/status/969328949175242752","candhlpc","2242228554",NA,NA,NA,NA,NA,NA,NA,NA,NA,NA,NA
"caitlinpurdy_4","2468417631",2018-03-01 21:50:04,"969328945983352832","RT @leighannrosee: Yeah this is what I looked like when I had to flu too https://t.co/AfZUEBaMME",6,0,TRUE,"968939297066774528",TRUE,"968942457319776257",NA,NA,NA,"en","Twitter for iPhone",NA,NA,NA,NA,"twitter.com/alexisreng/sta…","https://twitter.com/alexisreng/status/968939297066774528","leighannrosee","365510897",NA,NA,NA,NA,NA,NA,NA,NA,NA,NA,NA
"bradley_lianne","472434805",2018-03-01 21:50:02,"969328935455555585","My flu,s away <f0><U+009F><U+0099><U+008C><f0><U+009F><U+008F><U+00BB> poor Chelsie ended up loaded with it <f0><U+009F><U+0099><U+0088><f0><U+009F><U+0098><U+00A2>",0,0,FALSE,NA,FALSE,NA,NA,NA,NA,"en","Twitter for iPhone",NA,NA,NA,NA,NA,NA,NA,NA,NA,NA,NA,NA,NA,NA,NA,NA,NA,NA,NA
"virtuaIusti","2854161209",2018-03-01 21:50:01,"969328934692229120","@Iordbrat ur sick the only thing ur gonna beat is the flu",0,0,FALSE,NA,FALSE,NA,"969327074048528384","955627031265345536","Iordbrat","en","Twitter for iPhone",NA,NA,NA,NA,NA,NA,"Iordbrat","955627031265345536",NA,NA,NA,NA,NA,NA,NA,NA,NA,NA,NA
"InspirraHealth","836632634650415104",2018-03-01 21:50:01,"969328933643739137","RT @SGottliebFDA: My update today on what #FDA is learning about the potential root cause for why this year’s #flu vaccine showed diminishe…",47,0,FALSE,NA,TRUE,"968295152853889024",NA,NA,NA,"en","Twitter Web Client",NA,NA,NA,NA,NA,NA,"SGottliebFDA","2904169317",NA,"FDA flu",NA,NA,NA,NA,NA,NA,NA,NA,NA
"InovaHealth","18956303",2018-03-01 21:50:00,"969328928178491398","Flu shot may also prevent heart attacks via @CNNHealth https://t.co/137sf1vioV.",0,0,FALSE,NA,FALSE,NA,NA,NA,NA,"en","TweetDeck",NA,NA,NA,NA,"cnn.it/2EFo7gq","http://cnn.it/2EFo7gq","cnnhealth","41602160",NA,NA,NA,NA,NA,NA,NA,NA,NA,NA,NA
"ErtlAnthony","2951459295",2018-03-01 21:49:59,"969328922709151744","After radiating oral pain over the last week (tied in with flu), I've got to re-evaluate my methods and instructions to hygienist.",0,0,FALSE,NA,FALSE,NA,NA,NA,NA,"en","Twitter Lite",NA,NA,NA,NA,NA,NA,NA,NA,NA,NA,NA,NA,NA,NA,NA,NA,NA,NA,NA
"_EricWoods","2223887437",2018-03-01 21:49:57,"969328917004849152","(For a research paper) have you or anyone you know had the flu during the 2017-2018 flu season?",0,0,FALSE,NA,FALSE,NA,NA,NA,NA,"en","Twitter for iPhone",NA,NA,NA,NA,NA,NA,NA,NA,NA,NA,NA,NA,NA,NA,NA,NA,NA,NA,NA
"mmk_fla_flu_fle","3279675434",2018-03-01 21:49:55,"969328908607700992","<U+30AF><U+30ED><U+30F3><U+30AF><U+30E9><U+30F3><U+5165><U+3063><U+305F><U+3063><U+3066><U+30DE><U+FF1F>",0,0,FALSE,NA,FALSE,NA,NA,NA,NA,"ja","Twitter for iPhone",NA,NA,NA,NA,NA,NA,NA,NA,NA,NA,NA,NA,NA,NA,NA,NA,NA,NA,NA
"twitofalili","14381395",2018-03-01 21:49:55,"969328908427411457","And *ahem* I never quite got around to making episode 7 which was about happy endings, because I got the flu. But I… https://t.co/FzAAvHXlhi",0,0,FALSE,NA,FALSE,NA,"969328374932844544","14381395","twitofalili","en","Twitter for iPhone",NA,NA,NA,NA,"twitter.com/i/web/status/9…","https://twitter.com/i/web/status/969328908427411457",NA,NA,NA,NA,NA,NA,NA,NA,NA,NA,NA,NA,NA
"BubblexBlondie","247860946",2018-03-01 21:49:51,"969328891700576256","Of course I get the flu when Taco Tuesday but on Thursday is happening",0,0,FALSE,NA,FALSE,NA,NA,NA,NA,"en","Twitter for iPhone",NA,NA,NA,NA,NA,NA,NA,NA,NA,NA,NA,"832ac0728b3e26ac","city","West Lafayette","West Lafayette, IN","US","United States","-86.999431 -86.86053 -86.86053 -86.999431 40.406761 40.406761 40.511402 40.511402","Polygon"
"LacerdaS98","1616423526",2018-03-01 21:49:47,"969328873103118336","@Jenny_Flu Cala a boca, idi! Sabe de nada.",0,0,FALSE,NA,FALSE,NA,"969327540463652866","216118924","Jenny_Flu","pt","Twitter for Android",NA,NA,NA,NA,NA,NA,"Jenny_Flu","216118924",NA,NA,NA,NA,NA,NA,NA,NA,NA,NA,NA
"MsOliviaK","2236613911",2018-03-01 21:49:44,"969328860738277377","@superannielette Good analogy! Totally agreed, they are like the plague or flu: they insist on coming back even if you don't want them to",0,1,FALSE,NA,FALSE,NA,"969328223409594369","48299674","superannielette","en","Twitter Web Client",NA,NA,NA,NA,NA,NA,"superannielette","48299674",NA,NA,NA,NA,NA,NA,NA,NA,NA,NA,NA
"em_bren5","407997092",2018-03-01 21:49:39,"969328839603212288","Oh dear.  Bit achey and cough-y. I fear I might have the flu. Only one lemsip in the house. ‘Sure I never get sick,… https://t.co/jZway4wxE7",0,0,FALSE,NA,FALSE,NA,NA,NA,NA,"en","Twitter for iPhone",NA,NA,NA,NA,"twitter.com/i/web/status/9…","https://twitter.com/i/web/status/969328839603212288",NA,NA,NA,NA,NA,"7dde0febc9ef245b","city","Dublin City","Dublin City, Ireland","IE","Ireland","-6.387438 -6.1078047 -6.1078047 -6.387438 53.2987449 53.2987449 53.4110598 53.4110598","Polygon"
"scrapbookdjh","891042394275270656",2018-03-01 21:49:36,"969328827032899584","Whats a gp? sorry x — this might be a british thing sorry!! it’s the doctor you see when you have minor injuries or… https://t.co/1g0FrJDUOT",0,1,FALSE,NA,FALSE,NA,NA,NA,NA,"en","Curious Cat",NA,NA,NA,NA,"twitter.com/i/web/status/9…","https://twitter.com/i/web/status/969328827032899584",NA,NA,NA,NA,NA,NA,NA,NA,NA,NA,NA,NA,NA
"zhonne","3310074528",2018-03-01 21:49:34,"969328820594470912","RT @wsoctv: #breaking 18 more flu deaths reported in NC, bringing total to 253 for season  https://t.co/DnMymTUZBS",7,0,FALSE,NA,TRUE,"969289938297655303",NA,NA,NA,"en","Twitter for iPad",NA,NA,NA,NA,"wsoctv.com/709224041","http://www.wsoctv.com/709224041","wsoctv","21782956",NA,"breaking",NA,NA,NA,NA,NA,NA,NA,NA,NA
"LArcNewsXile","292689832",2018-03-01 21:49:33,"969328815120904193","RT @nino_chuushin: Jun was saying how he uses a humidifier which he puts in a mix of water and a liquid that gets rids of virus...such as f…",15,0,FALSE,NA,TRUE,"969188548942249984",NA,NA,NA,"en","Twitter Web Client",NA,NA,NA,NA,NA,NA,"nino_chuushin","2843512962",NA,NA,NA,NA,NA,NA,NA,NA,NA,NA,NA
"FluMomento","788187525642850304",2018-03-01 21:49:32,"969328812503846918","Dia de Flu porraaaaaaaa",0,0,FALSE,NA,FALSE,NA,NA,NA,NA,"pt","Twitter for Android",NA,NA,NA,NA,NA,NA,NA,NA,NA,NA,NA,NA,NA,NA,NA,NA,NA,NA,NA
"samigrey_","3074504558",2018-03-01 21:49:27,"969328790668173313","My 91 year old co worker is in the hospital for the flu and I am going to cry",0,2,FALSE,NA,FALSE,NA,NA,NA,NA,"en","Twitter for iPhone",NA,NA,NA,NA,NA,NA,NA,NA,NA,NA,NA,NA,NA,NA,NA,NA,NA,NA,NA
"slowref","566860367",2018-03-01 21:49:07,"969328704408211456","they put the flu in my arm and now i have to make you a capuccino",0,0,FALSE,NA,FALSE,NA,NA,NA,NA,"en","Twitter Lite",NA,NA,NA,NA,NA,NA,NA,NA,NA,NA,NA,NA,NA,NA,NA,NA,NA,NA,NA
"hrmetseven","303037373",2018-03-01 21:49:03,"969328690223046656","@PopeDeniz @hersey_flu @parSgokhan Valla bilmiyorum kimi diyo bu kadar öteki bu kadar <f0><U+009F><U+0098><U+0090><f0><U+009F><U+0098><U+0090><f0><U+009F><U+0098><U+0090><f0><U+009F><U+0098><U+0090><f0><U+009F><U+0098><U+00A1><f0><U+009F><U+0098><U+00A1><f0><U+009F><U+0098><U+00A1><f0><U+009F><U+0098><U+00A1><f0><U+009F><U+0098><U+00A1>",0,0,FALSE,NA,FALSE,NA,"969324249012940801","1271980398","PopeDeniz","tr","Twitter for Android",NA,NA,NA,NA,NA,NA,"PopeDeniz hersey_flu parSgokhan","1271980398 2309918512 170023574",NA,NA,NA,NA,NA,NA,NA,NA,NA,NA,NA
"TaraCrox","46518225",2018-03-01 21:48:48,"969328625504915456","How can i avoid all the flu, colds, chest infections going around for months, n I spend the weekend with my snotty… https://t.co/UJblkSeuNn",0,0,FALSE,NA,FALSE,NA,NA,NA,NA,"en","Twitter for Android",NA,NA,NA,NA,"twitter.com/i/web/status/9…","https://twitter.com/i/web/status/969328625504915456",NA,NA,NA,NA,NA,NA,NA,NA,NA,NA,NA,NA,NA
"kobra2savage","903274242510385156",2018-03-01 21:48:46,"969328619045703682","PSA this just in it is no longer FLU SEASON it is BEAHOE SEASON doctors just found it in all females blood ..also i… https://t.co/mOzGAIF9r0",0,0,FALSE,NA,FALSE,NA,NA,NA,NA,"en","Twitter for iPhone",NA,NA,NA,NA,"twitter.com/i/web/status/9…","https://twitter.com/i/web/status/969328619045703682",NA,NA,NA,NA,NA,NA,NA,NA,NA,NA,NA,NA,NA
"andrehonoratope","213872900",2018-03-01 21:48:44,"969328609587617792","@_Andreuccio @portaljovempan @mauro_beting Lucas Lima andou ano passado e esse ano só fez um ou dois jogos bons de… https://t.co/8cO2yVUKzz",0,0,FALSE,NA,FALSE,NA,"969255789033676800","932308516446130176","_Andreuccio","pt","Twitter Web Client",NA,NA,NA,NA,"twitter.com/i/web/status/9…","https://twitter.com/i/web/status/969328609587617792","_Andreuccio portaljovempan mauro_beting","932308516446130176 106175018 80056276",NA,NA,NA,NA,NA,NA,NA,NA,NA,NA,NA
"Carriebugmad","1537232563",2018-03-01 21:48:37,"969328580990783489","RT @jankluytmans: We are experiencing the worst #influenza season that I have seen. All hospitals in my area are flooded by #flu patients a…",1,0,FALSE,NA,TRUE,"969325334259781632",NA,NA,NA,"en","Twitter for iPhone",NA,NA,NA,NA,NA,NA,"jankluytmans","39758804",NA,"influenza flu",NA,NA,NA,NA,NA,NA,NA,NA,NA
"SarahNeill7","1478256752",2018-03-01 21:48:36,"969328575827578881","RT @sams_monkey: Although my boys love the snow it makes me anxious. The last time it was icy / snow here like in this Devon was winter 201…",1,0,FALSE,NA,TRUE,"969327825579859969",NA,NA,NA,"en","Twitter for iPhone",NA,NA,NA,NA,NA,NA,"sams_monkey","708791049737605121",NA,NA,NA,NA,NA,NA,NA,NA,NA,NA,NA
"Pandemia_Info","59544698",2018-03-01 21:48:36,"969328575261347840","Vicious &lt;b&gt;Flu Epidemic&lt;/b&gt; | Helen Agyeman Ursuline High School: There has been a recent… https://t.co/ZjqZl5PDsz",0,0,FALSE,NA,FALSE,NA,NA,NA,NA,"en","Google",NA,NA,NA,NA,"goo.gl/fb/A2WRRB","https://goo.gl/fb/A2WRRB",NA,NA,NA,NA,NA,NA,NA,NA,NA,NA,NA,NA,NA
"halebmarivers","3211107197",2018-03-01 21:48:28,"969328543686709254","não vou ver o jogo mas sei que meu Flu vai arrasar",0,0,FALSE,NA,FALSE,NA,NA,NA,NA,"pt","Twitter for Android",NA,NA,NA,NA,NA,NA,NA,NA,NA,NA,NA,NA,NA,NA,NA,NA,NA,NA,NA
"Felipemendess3","945456556002480128",2018-03-01 21:48:25,"969328529409179649","Fé ... Pro amistoso de hj kkkkk deixei o meu hahahaha <f0><U+009F><U+0099><U+008C><f0><U+009F><U+0099><U+008F><U+26BD><U+2764>familia flu <U+26BD> https://t.co/std6T0S6ZG",0,1,FALSE,NA,FALSE,NA,NA,NA,NA,"pt","Twitter for Android","969328497566076928","http://pbs.twimg.com/media/DXO_IgAW0AApfjz.jpg","https://twitter.com/Felipemendess3/status/969328529409179649/photo/1",NA,NA,NA,NA,NA,NA,NA,NA,"59373f0a295160e4","city","Niterói","Niterói, Brasil","BR","Brazil","-43.1648112 -42.954408 -42.954408 -43.1648112 -22.98297 -22.98297 -22.8261279 -22.8261279","Polygon"
"abc7breaking","22540607",2018-03-01 21:48:20,"969328508387450880","A man in his 60s and a woman in her 50s - both with underlying medical conditions - died this week. 
https://t.co/W8T6Q3SPQO",0,1,FALSE,NA,FALSE,NA,NA,NA,NA,"en","SocialNewsDesk",NA,NA,NA,NA,"kvia.com/lifestyle/heal…","http://www.kvia.com/lifestyle/health/health-department-2-more-flu-related-deaths-in-el-paso/709591360",NA,NA,NA,NA,NA,NA,NA,NA,NA,NA,NA,NA,NA
"GlZLET","615041271",2018-03-01 21:48:11,"969328470244384768","mans got the man flu again",0,0,FALSE,NA,FALSE,NA,NA,NA,NA,"en","Twitter Web Client",NA,NA,NA,NA,NA,NA,NA,NA,NA,NA,NA,NA,NA,NA,NA,NA,NA,NA,NA
"sclguga","774658921235636224",2018-03-01 21:48:06,"969328450971602945","RT @m4purunga: @sclguga miga, para d se iludir com o flu, pf.",1,0,FALSE,NA,TRUE,"969327339871105036",NA,NA,NA,"pt","Twitter for Android",NA,NA,NA,NA,NA,NA,"m4purunga sclguga","756921306042499072 774658921235636224",NA,NA,NA,NA,NA,NA,NA,NA,NA,NA,NA
"burtspharmacy","2602382526",2018-03-01 21:48:00,"969328427256905728","How to Stay Healthy This Cold and Flu Season 
https://t.co/scYNknawyp",0,0,FALSE,NA,FALSE,NA,NA,NA,NA,"en","Buffer",NA,NA,NA,NA,"burtsrx.com/stay-healthy-c…","https://burtsrx.com/stay-healthy-cold-and-flu-season/",NA,NA,NA,NA,NA,NA,NA,NA,NA,NA,NA,NA,NA
"alvarooalves","125220494",2018-03-01 21:47:55,"969328405144653824","RT @hectorwerlang: No Instagram, Flu faz referência a Dourado, atualmente no Flamengo. #trnilton https://t.co/oJEukJucDv",2,0,FALSE,NA,TRUE,"969328218170904576",NA,NA,NA,"pt","Twitter Web Client","969327891296194560","http://pbs.twimg.com/media/DXO-lNeWkAAnElG.jpg","https://twitter.com/hectorwerlang/status/969328218170904576/photo/1",NA,NA,NA,"hectorwerlang","191085894",NA,"trnilton",NA,NA,NA,NA,NA,NA,NA,NA,NA
"Sanesh_21","869410772199387141",2018-03-01 21:47:53,"969328396026236929","RT @TaFire: Amacherry ngoThanda uLinda? And Dont mind the voice im dying coz of flu<f0><U+009F><U+0098><U+00AD><f0><U+009F><U+0098><U+00AD><f0><U+009F><U+0098><U+00AD><f0><U+009F><U+0098><U+00AD><f0><U+009F><U+0098><U+00AD> https://t.co/272xUwIyAA",1124,0,FALSE,NA,TRUE,"968411675677413376",NA,NA,NA,"en","Twitter for Android","968411157521412096","http://pbs.twimg.com/ext_tw_video_thumb/968411157521412096/pu/img/6S1SfYT6F20PyoNn.jpg","https://twitter.com/TaFire/status/968411675677413376/video/1",NA,NA,NA,"TaFire","3241168416",NA,NA,NA,NA,NA,NA,NA,NA,NA,NA,NA
"SophieAzouaou","75463615",2018-03-01 21:47:52,"969328392473477121","<U+261B> Flu-fighting mushroom and bok choy soup.
<U+2712> Share | Like | Re-post | Comment
#StepIn2MyGreenWorld #STEPin2 #Soup https://t.co/zLnN9puhKk",0,0,FALSE,NA,FALSE,NA,NA,NA,NA,"en","Facebook",NA,NA,NA,NA,"fb.me/1yKQgxOKw","https://fb.me/1yKQgxOKw",NA,NA,NA,"StepIn2MyGreenWorld STEPin2 Soup",NA,NA,NA,NA,NA,NA,NA,NA,NA
"cheezitfan1","122266934",2018-03-01 21:47:50,"969328383455834113","Why is my life literally a joke. I'm almost positive I have the flu. I can't move",0,0,FALSE,NA,FALSE,NA,NA,NA,NA,"en","Twitter for iPhone",NA,NA,NA,NA,NA,NA,NA,NA,NA,NA,NA,NA,NA,NA,NA,NA,NA,NA,NA
"hannah_bosworth","445839138",2018-03-01 21:47:46,"969328366590529537","Gutted that I’m missing all the snow because I’m stuck inside with the flu <f0><U+009F><U+00A4><U+0092>",0,0,FALSE,NA,FALSE,NA,NA,NA,NA,"en","Twitter for iPhone",NA,NA,NA,NA,NA,NA,NA,NA,NA,NA,NA,NA,NA,NA,NA,NA,NA,NA,NA
"jospringy","3027282644",2018-03-01 21:47:44,"969328356218073088","So full of snot, it’s unreal. 2 weeks of this flu bug, I really have had my fair share now. <f0><U+009F><U+00A4><U+0092><f0><U+009F><U+0098><U+00B7><f0><U+009F><U+00A4><U+00A7>",0,0,FALSE,NA,FALSE,NA,NA,NA,NA,"en","Twitter for iPhone",NA,NA,NA,NA,NA,NA,NA,NA,NA,NA,NA,NA,NA,NA,NA,NA,NA,NA,NA
"Jaydotelle_","110209279",2018-03-01 21:47:41,"969328347552641024","People constantly dying from the FLU, or better yet the FLU SHOT <f0><U+009F><U+00A4><U+00A6><f0><U+009F><U+008F><U+00BE><U+200D><U+2640><U+FE0F>",0,0,FALSE,NA,FALSE,NA,NA,NA,NA,"en","Twitter for iPhone",NA,NA,NA,NA,NA,NA,NA,NA,NA,NA,NA,NA,NA,NA,NA,NA,NA,NA,NA
"ardentreflexion","896151087488663552",2018-03-01 21:47:33,"969328313956208645","RT @millercycle: I just saw a sexy avi with a girl sucking on her finger and all I could think about was how reckless that was because it’s…",33,0,FALSE,NA,TRUE,"967066912625741824",NA,NA,NA,"en","Twitter for Android",NA,NA,NA,NA,NA,NA,"millercycle","932490966405087232",NA,NA,NA,NA,NA,NA,NA,NA,NA,NA,NA
"CyandaYandu","415729890",2018-03-01 21:47:32,"969328306070917121","Only when I have the flu... so like twice a year https://t.co/OIBkmb9e7F",0,0,TRUE,"969326046951759872",FALSE,NA,NA,NA,NA,"en","Twitter for Android",NA,NA,NA,NA,"twitter.com/_Onezmo/status…","https://twitter.com/_Onezmo/status/969326046951759872",NA,NA,NA,NA,NA,NA,NA,NA,NA,NA,NA,NA,NA
"ernestma","112030336",2018-03-01 21:47:30,"969328301289357312","RT @CDCFlu: #FluFact: Did you know you can get #flu more than once a season? More than one flu virus is circulating, which is why flu vacci…",70,0,FALSE,NA,TRUE,"969256068571369473",NA,NA,NA,"en","Twitter for iPhone",NA,NA,NA,NA,NA,NA,"CDCFlu","16616061",NA,"FluFact flu",NA,NA,NA,NA,NA,NA,NA,NA,NA
"SmokyDevil","952085976918233088",2018-03-01 21:47:30,"969328299167092736","Ethan is too. Let’s just cuddle and have a flu bug together. https://t.co/2iIReH6wLy",0,0,TRUE,"969326296026132481",FALSE,NA,NA,NA,NA,"en","Twitter for iPhone",NA,NA,NA,NA,"twitter.com/ghostofnik/sta…","https://twitter.com/ghostofnik/status/969326296026132481",NA,NA,NA,NA,NA,NA,NA,NA,NA,NA,NA,NA,NA
"bixnconeri","825378261165293568",2018-03-01 21:47:28,"969328289604096004","RT @hectorwerlang: No Instagram, Flu faz referência a Dourado, atualmente no Flamengo. #trnilton https://t.co/oJEukJucDv",2,0,FALSE,NA,TRUE,"969328218170904576",NA,NA,NA,"pt","TweetDeck","969327891296194560","http://pbs.twimg.com/media/DXO-lNeWkAAnElG.jpg","https://twitter.com/hectorwerlang/status/969328218170904576/photo/1",NA,NA,NA,"hectorwerlang","191085894",NA,"trnilton",NA,NA,NA,NA,NA,NA,NA,NA,NA
"DeathByMage","3433649319",2018-03-01 21:47:24,"969328273363800064","RT @journeyman1029: Been out with the flu for almost 2 weeks and it’s the longest I’ve gone without making art in 2yrs. But I’m back &amp; star…",4,0,FALSE,NA,TRUE,"969290810943471616",NA,NA,NA,"en","Twitter for iPhone",NA,NA,NA,NA,NA,NA,"journeyman1029","2330775961",NA,NA,NA,NA,NA,NA,NA,NA,NA,NA,NA
"hectorwerlang","191085894",2018-03-01 21:47:11,"969328218170904576","No Instagram, Flu faz referência a Dourado, atualmente no Flamengo. #trnilton https://t.co/oJEukJucDv",2,7,FALSE,NA,FALSE,NA,NA,NA,NA,"pt","TweetDeck","969327891296194560","http://pbs.twimg.com/media/DXO-lNeWkAAnElG.jpg","https://twitter.com/hectorwerlang/status/969328218170904576/photo/1",NA,NA,NA,NA,NA,NA,"trnilton",NA,NA,NA,NA,NA,NA,NA,NA,NA
"TheTorontoSun","24700876",2018-03-01 21:47:03,"969328185795112960","Florida teen initially diagnosed with flu actually has cancer https://t.co/BzZpep1BXR https://t.co/k0nsU1Na2v",0,0,FALSE,NA,FALSE,NA,NA,NA,NA,"en","Echobox Social","969328182246760448","http://pbs.twimg.com/media/DXO-2JWX4AAxhYg.jpg","https://twitter.com/TheTorontoSun/status/969328185795112960/photo/1",NA,"bit.ly/2t8mE0V","http://bit.ly/2t8mE0V",NA,NA,NA,NA,NA,NA,NA,NA,NA,NA,NA,NA,NA
"Vdanielferreira","73146127",2018-03-01 21:47:02,"969328182926217216","@DavidmeMelo @EuclidesFla @gustavooroger E todos os outros jogos jogando com medo , jogou na retranca até contra a… https://t.co/NNhiNoKzYM",0,0,FALSE,NA,FALSE,NA,"969237237383786496","3297914319","DavidmeMelo","pt","Twitter for iPhone",NA,NA,NA,NA,"twitter.com/i/web/status/9…","https://twitter.com/i/web/status/969328182926217216","DavidmeMelo EuclidesFla gustavooroger","3297914319 489835407 4099146454",NA,NA,NA,NA,NA,NA,NA,NA,NA,NA,NA
"Markiin_Flu","936237821953761280",2018-03-01 21:47:02,"969328180107587584","RT @Fluminensee1902: GOSTO PRA CARALHO DE SER TRICOLOR! ESSE CLUBE É A MINHA VIDA, É O MEU AMOR! <f0><U+009F><U+008E><U+00B5><f0><U+009F><U+0087><U+00AD><f0><U+009F><U+0087><U+00BA>",8,0,FALSE,NA,TRUE,"969327467889643520",NA,NA,NA,"pt","Twitter for Android",NA,NA,NA,NA,NA,NA,"Fluminensee1902","902175392487919616",NA,NA,NA,NA,NA,NA,NA,NA,NA,NA,NA
"TheGlassPantry","877886503313039360",2018-03-01 21:46:59,"969328171043573761","This broth makes you feel so much better! Whenever anyone in our family gets down with a cold or flu this is our go… https://t.co/r4lQh6KFoJ",0,0,FALSE,NA,FALSE,NA,NA,NA,NA,"en","Twitter Web Client",NA,NA,NA,NA,"twitter.com/i/web/status/9…","https://twitter.com/i/web/status/969328171043573761",NA,NA,NA,NA,NA,NA,NA,NA,NA,NA,NA,NA,NA
"ahbagiyo","61769050",2018-03-01 21:46:45,"969328110083723264","The latest Harian Apoteker Indonesia! https://t.co/xe8nR1vG2u #flu #diabetes",0,0,FALSE,NA,FALSE,NA,NA,NA,NA,"en","Paper.li",NA,NA,NA,NA,"paper.li/ahbagiyo/13607…","https://paper.li/ahbagiyo/1360730774?edition_id=063cb110-1d9a-11e8-ab06-0cc47a0d164b",NA,NA,NA,"flu diabetes",NA,NA,NA,NA,NA,NA,NA,NA,NA
"bronwynnrosee","3507908480",2018-03-01 21:46:43,"969328103406252032","@hulkhogan15 Shit. I’m so scared of the flu.",0,0,FALSE,NA,FALSE,NA,"969327936997179392","94876548","hulkhogan15","en","Twitter for iPhone",NA,NA,NA,NA,NA,NA,"hulkhogan15","94876548",NA,NA,NA,NA,NA,NA,NA,NA,NA,NA,NA
"wydMAXXiE","772865636296826880",2018-03-01 21:46:40,"969328090722775043","//I feel like I’m going to cough my lungs straight out of my chest dhdhdj please don’t let this be the flu, I will… https://t.co/5WCkmeC21S",0,0,FALSE,NA,FALSE,NA,NA,NA,NA,"en","Twitter for iPhone",NA,NA,NA,NA,"twitter.com/i/web/status/9…","https://twitter.com/i/web/status/969328090722775043",NA,NA,NA,NA,NA,NA,NA,NA,NA,NA,NA,NA,NA
"DeniseCunniff1","1296178248",2018-03-01 21:46:30,"969328047391432705","Flu season is like Black Friday for Big Pharma: From vaccines to medication, the outbreak has business booming. The… https://t.co/Rxsh1fczfJ",0,0,FALSE,NA,FALSE,NA,NA,NA,NA,"en","Twitter Web Client",NA,NA,NA,NA,"twitter.com/i/web/status/9…","https://twitter.com/i/web/status/969328047391432705",NA,NA,NA,NA,NA,NA,NA,NA,NA,NA,NA,NA,NA
"NaomiNatters","898266764475289600",2018-03-01 21:46:29,"969328045566853122","How have I caught a cold/flu/general Lurgi when I’ve been in tenerife in the warm for the week <f0><U+009F><U+00A4><U+00A6><f0><U+009F><U+008F><U+00BC><U+200D><U+2640><U+FE0F><f0><U+009F><U+00A4><U+00B7><f0><U+009F><U+008F><U+00BB><U+200D><U+2640><U+FE0F>",0,0,FALSE,NA,FALSE,NA,NA,NA,NA,"en","Twitter for iPhone",NA,NA,NA,NA,NA,NA,NA,NA,NA,NA,NA,NA,NA,NA,NA,NA,NA,NA,NA
"HannahCulbert","388678144",2018-03-01 21:46:25,"969328027996966914","@TheGypsyFeather I did! She said it wasn’t the flu or step thank god. Idk I just know I’m sick. I’m trying to rest it off lol",0,0,FALSE,NA,FALSE,NA,"969166639160799232","816032427797839872","TheGypsyFeather","en","Twitter for iPhone",NA,NA,NA,NA,NA,NA,"TheGypsyFeather","816032427797839872",NA,NA,NA,NA,NA,NA,NA,NA,NA,NA,NA
"Eu_Levii_Costa","4699583149",2018-03-01 21:46:23,"969328018589134849","No mês de fevereiro, em todos os jogos o Flu não levou um gol",0,0,FALSE,NA,FALSE,NA,NA,NA,NA,"pt","Twitter for Android",NA,NA,NA,NA,NA,NA,NA,NA,NA,NA,NA,NA,NA,NA,NA,NA,NA,NA,NA
"eezus_17","391606436",2018-03-01 21:46:22,"969328015925743618","Not at the cusp of flu szn <f0><U+009F><U+0098><U+00A8> https://t.co/fgqrMguYE6",0,0,TRUE,"968959128256307200",FALSE,NA,NA,NA,NA,"en","Twitter for iPhone",NA,NA,NA,NA,"twitter.com/abc/status/968…","https://twitter.com/abc/status/968959128256307200",NA,NA,NA,NA,NA,NA,NA,NA,NA,NA,NA,NA,NA
"debattisti","160422515",2018-03-01 21:46:22,"969328012985585665","Torcendo para que seja o  Fluminense. 1 Barueri &gt;&gt;&gt;&gt; Flu, até se jogar com Ana Cristina de levantadora, imagina com… https://t.co/WONmSl77Nd",0,0,TRUE,"969260818394173440",FALSE,NA,NA,NA,NA,"pt","Twitter for Android",NA,NA,NA,NA,"twitter.com/i/web/status/9…","https://twitter.com/i/web/status/969328012985585665",NA,NA,NA,NA,NA,NA,NA,NA,NA,NA,NA,NA,NA
"amorous2271","2364184611",2018-03-01 21:46:16,"969327990097063936","RT @vaun_: Okay.. so one thing a flu is good for is making me looking lean asf. https://t.co/PTZ5kFpw87",46,0,FALSE,NA,TRUE,"953509391642148864",NA,NA,NA,"en","Twitter for iPhone","953509384507699200","http://pbs.twimg.com/media/DTuLu7mVMAAF_cr.jpg","https://twitter.com/vaun_/status/953509391642148864/photo/1",NA,NA,NA,"vaun_","418437957",NA,NA,NA,NA,NA,NA,NA,NA,NA,NA,NA
"Pontsho27647226","857492561962950656",2018-03-01 21:46:15,"969327986104205313","Flu Flu<f0><U+009F><U+0098><U+00A2><f0><U+009F><U+0098><U+00A2><f0><U+009F><U+0098><U+00A2><f0><U+009F><U+0098><U+00B7><f0><U+009F><U+00A4><U+0092>I hate feeling this way",0,0,FALSE,NA,FALSE,NA,NA,NA,NA,"en","Twitter for Android",NA,NA,NA,NA,NA,NA,NA,NA,NA,NA,NA,NA,NA,NA,NA,NA,NA,NA,NA
"PrepperJunkie","1055852336",2018-03-01 21:46:12,"969327972598476800","50,000 Americans Expected To Die By The End Of Flu Season https://t.co/p7OF3khBvE https://t.co/NmNkTuYjFa",0,0,FALSE,NA,FALSE,NA,NA,NA,NA,"en","dlvr.it","969327969557622784","http://pbs.twimg.com/media/DXO-pxBVMAAJ0Ib.jpg","https://twitter.com/PrepperJunkie/status/969327972598476800/photo/1",NA,"dlvr.it/QJMhcd","http://dlvr.it/QJMhcd",NA,NA,NA,NA,NA,NA,NA,NA,NA,NA,NA,NA,NA
"Maicuo","3156725163",2018-03-01 21:46:09,"969327958425993217","Vocês achando que clássico é Grenal
Fla x Flu 
Boca x River
Classico de verdade é CEJK x LICEU",0,1,FALSE,NA,FALSE,NA,NA,NA,NA,"pt","Twitter for iPhone",NA,NA,NA,NA,NA,NA,NA,NA,NA,NA,NA,NA,NA,NA,NA,NA,NA,NA,NA
"DJBig6","35768240",2018-03-01 21:46:07,"969327951287345152","I liked a @YouTube video https://t.co/v780GpxgKF CDC Doctor, Who Claimed Flu Shot Caused Outbreak, Missing - Feared Dead",0,0,FALSE,NA,FALSE,NA,NA,NA,NA,"en","Google",NA,NA,NA,NA,"youtu.be/3mvcQPF4Yg4?a","http://youtu.be/3mvcQPF4Yg4?a","YouTube","10228272",NA,NA,NA,NA,NA,NA,NA,NA,NA,NA,NA
"hulkhogan15","94876548",2018-03-01 21:46:04,"969327936997179392","@bronwynnrosee No it does not. Especially with the flu going around. I had really bad headaches and it was cause of my ears",0,1,FALSE,NA,FALSE,NA,"969327586403741696","3507908480","bronwynnrosee","en","Mobile Web (M2)",NA,NA,NA,NA,NA,NA,"bronwynnrosee","3507908480",NA,NA,NA,NA,NA,NA,NA,NA,NA,NA,NA
"_Jazzy25_","198721922",2018-03-01 21:46:00,"969327921092587522","Mind y’all,my momma has the flu..<f0><U+009F><U+0098><U+00A9>",0,0,FALSE,NA,FALSE,NA,NA,NA,NA,"en","Twitter for iPhone",NA,NA,NA,NA,NA,NA,NA,NA,NA,NA,NA,NA,NA,NA,NA,NA,NA,NA,NA
"karatelady","344398518",2018-03-01 21:45:59,"969327915795140609","RT @regionofpeel: Parents: the flu shot is your best family's best defence against influenza B, the flu strain posing the greatest risk to…",4,0,FALSE,NA,TRUE,"969211138771648513",NA,NA,NA,"en","Twitter for Android",NA,NA,NA,NA,NA,NA,"regionofpeel","115465588",NA,NA,NA,NA,NA,NA,NA,NA,NA,NA,NA
"dan_stanbery","865246985057484805",2018-03-01 21:45:40,"969327837621633025","RT @JannaWilkinso69: <f0><U+009F><U+0091><U+008A><f0><U+009F><U+0091><U+008A>I know I am a Prim and Proper, REFINED Woman <f0><U+009F><U+0098><U+0082><f0><U+009F><U+0098><U+0082>but I would TRUST a FART <f0><U+009F><U+008C><U+00AC><U+FE0F><U+26FD><U+FE0F>when I HAVE the FLU <f0><U+009F><U+00A4><U+00A2><f0><U+009F><U+00A4><U+00AE>before I would EVE…",640,0,FALSE,NA,TRUE,"952274247262470144",NA,NA,NA,"en","Twitter Lite",NA,NA,NA,NA,NA,NA,"JannaWilkinso69","872210966456352768",NA,NA,NA,NA,NA,NA,NA,NA,NA,NA,NA
"demonichart","2173272619",2018-03-01 21:45:37,"969327826330529793","@NECROMANClNG the flu is deadly bring it to me",0,0,FALSE,NA,FALSE,NA,"969303180625444864","2227291656","NECROMANClNG","en","Twitter for iPhone",NA,NA,NA,NA,NA,NA,"NECROMANClNG","2227291656",NA,NA,NA,NA,NA,NA,NA,NA,NA,NA,NA
"sams_monkey","708791049737605121",2018-03-01 21:45:37,"969327825579859969","Although my boys love the snow it makes me anxious. The last time it was icy / snow here like in this Devon was win… https://t.co/x8B326OUlf",1,1,FALSE,NA,FALSE,NA,NA,NA,NA,"en","Twitter Lite",NA,NA,NA,NA,"twitter.com/i/web/status/9…","https://twitter.com/i/web/status/969327825579859969",NA,NA,NA,NA,NA,NA,NA,NA,NA,NA,NA,NA,NA
"Jayvtvshow","952762097229881344",2018-03-01 21:45:37,"969327823650422784","@movies_beer247 Good! You must have a bad ass immune system....this is the flu killing all those fit fuckers this year.",0,0,FALSE,NA,FALSE,NA,"969327459064860673","4919100194","movies_beer247","en","Twitter for Android",NA,NA,NA,NA,NA,NA,"movies_beer247","4919100194",NA,NA,NA,NA,NA,NA,NA,NA,NA,NA,NA
"HumanOptimize","562346664",2018-03-01 21:45:31,"969327800598630400","What to Eat to Help Avoid the Flu https://t.co/2pRHlmkiJH https://t.co/4WUaCY1ZnM",0,0,FALSE,NA,FALSE,NA,NA,NA,NA,"en","Twibble.io","969327798434217984","http://pbs.twimg.com/media/DXO-fziVQAADkUv.jpg","https://twitter.com/HumanOptimize/status/969327800598630400/photo/1",NA,"goodnewsnetwork.org/eat-avoid-flu/","https://www.goodnewsnetwork.org/eat-avoid-flu/",NA,NA,NA,NA,NA,NA,NA,NA,NA,NA,NA,NA,NA
"HetGreatGatsby","1745382194",2018-03-01 21:45:28,"969327788300922881","@HetGreatDaisy Man flu*",0,0,FALSE,NA,FALSE,NA,"968816733074182144","253968399","HetGreatDaisy","is","Twitter for iPhone",NA,NA,NA,NA,NA,NA,"HetGreatDaisy","253968399",NA,NA,NA,NA,NA,NA,NA,NA,NA,NA,NA
"DrJimmyandBOB","322889065",2018-03-01 21:45:25,"969327777248837632","RT @shelbydenhamart: Hanging out with my boi @HHNguy365 tonight.
Haven't seen him since he got the flu and nearly died.",1,0,FALSE,NA,TRUE,"969324297566277633",NA,NA,NA,"en","Twitter for iPad",NA,NA,NA,NA,NA,NA,"shelbydenhamart HHNguy365","2535210087 311700389",NA,NA,NA,NA,NA,NA,NA,NA,NA,NA,NA
