"user_id","name","screen_name","location","description","protected","followers_count","friends_count","listed_count","created_at","favourites_count","utc_offset","time_zone","geo_enabled","verified","statuses_count","lang","contributors_enabled","is_translator","is_translation_enabled","profile_background_color","profile_background_image_url","profile_background_image_url_https","profile_background_tile","profile_image_url","profile_image_url_https","profile_image_url.1","profile_image_url_https.1","profile_link_color","profile_sidebar_border_color","profile_sidebar_fill_color","profile_text_color","profile_use_background_image","default_profile","default_profile_image","profile_banner_url"
"36406830","CIDRAP","CIDRAP","Minneapolis, MN","the Center for Infectious Disease Research and Policy at the University of Minnesota",FALSE,7829,146,427,2009-04-29 16:56:19,16,-21600,"Central Time (US & Canada)",FALSE,FALSE,14954,"en",FALSE,FALSE,FALSE,"7A0019","http://abs.twimg.com/images/themes/theme1/bg.png","https://abs.twimg.com/images/themes/theme1/bg.png",FALSE,"http://pbs.twimg.com/profile_images/378800000050252463/650fc75242147dcde3a2d615d2510a76_normal.png","https://pbs.twimg.com/profile_images/378800000050252463/650fc75242147dcde3a2d615d2510a76_normal.png","http://pbs.twimg.com/profile_images/378800000050252463/650fc75242147dcde3a2d615d2510a76_normal.png","https://pbs.twimg.com/profile_images/378800000050252463/650fc75242147dcde3a2d615d2510a76_normal.png","7A0019","000000","DDEEF6","333333",FALSE,FALSE,FALSE,"https://pbs.twimg.com/profile_banners/36406830/1375910709"
"137498724","Max Noronha","Max_Noronha_Flu","Brasil","TRICOLOR DE CORAÇÃO",FALSE,530,695,2,2010-04-26 23:01:21,419,-10800,"Brasilia",TRUE,FALSE,3513,"pt",FALSE,FALSE,FALSE,"C0DEED","http://pbs.twimg.com/profile_background_images/714401530/75adab2a62b63227d1b99b0996fad1e1.jpeg","https://pbs.twimg.com/profile_background_images/714401530/75adab2a62b63227d1b99b0996fad1e1.jpeg",TRUE,"http://pbs.twimg.com/profile_images/857990068878938113/UYkVjUUp_normal.jpg","https://pbs.twimg.com/profile_images/857990068878938113/UYkVjUUp_normal.jpg","http://pbs.twimg.com/profile_images/857990068878938113/UYkVjUUp_normal.jpg","https://pbs.twimg.com/profile_images/857990068878938113/UYkVjUUp_normal.jpg","0084B4","FFFFFF","DDEEF6","333333",TRUE,FALSE,FALSE,"https://pbs.twimg.com/profile_banners/137498724/1483453728"
"787396885741010944","Jess, A PhD Student.","BluntDrJChen","Earth","#neuroscientist @UMich, #enginerd @USC • #askAscientist #RealTalk #SciComm #NoFilter #FreeKnowledge #NewPerspective • IMO ATM • WeeklySurveyPinned <f0><U+009F><U+0091><U+008C><f0><U+009F><U+008F><U+00BC>",FALSE,835,1006,22,2016-10-15 20:57:01,6813,-18000,"Eastern Time (US & Canada)",TRUE,FALSE,9092,"en",FALSE,FALSE,FALSE,"F5F8FA",NA,NA,FALSE,"http://pbs.twimg.com/profile_images/827310023122550784/kAGQMnHR_normal.jpg","https://pbs.twimg.com/profile_images/827310023122550784/kAGQMnHR_normal.jpg","http://pbs.twimg.com/profile_images/827310023122550784/kAGQMnHR_normal.jpg","https://pbs.twimg.com/profile_images/827310023122550784/kAGQMnHR_normal.jpg","1DA1F2","C0DEED","DDEEF6","333333",TRUE,TRUE,FALSE,"https://pbs.twimg.com/profile_banners/787396885741010944/1494049761"
"862401548047056900","UM IGH","UMDIGH","Baltimore, MD","The University of Maryland School of Medicine Institute for Global Health dedicated to fighting diseases around the world #malaria #vaccineswork #globalhealth",FALSE,641,1262,4,2017-05-10 20:18:46,32,NA,NA,FALSE,FALSE,3712,"en",FALSE,FALSE,FALSE,"000000","http://abs.twimg.com/images/themes/theme1/bg.png","https://abs.twimg.com/images/themes/theme1/bg.png",FALSE,"http://pbs.twimg.com/profile_images/863123084353708032/S1pdVbN3_normal.jpg","https://pbs.twimg.com/profile_images/863123084353708032/S1pdVbN3_normal.jpg","http://pbs.twimg.com/profile_images/863123084353708032/S1pdVbN3_normal.jpg","https://pbs.twimg.com/profile_images/863123084353708032/S1pdVbN3_normal.jpg","C8102E","000000","000000","000000",FALSE,FALSE,FALSE,"https://pbs.twimg.com/profile_banners/862401548047056900/1494624252"
"808081070671482882","Heather Cloete","CloeteHeather",NA,"Dual citizen",FALSE,408,149,12,2016-12-11 22:48:35,167537,NA,NA,FALSE,FALSE,121868,"en",FALSE,FALSE,FALSE,"F5F8FA",NA,NA,FALSE,"http://pbs.twimg.com/profile_images/900523699501244416/_XA-5z4Z_normal.jpg","https://pbs.twimg.com/profile_images/900523699501244416/_XA-5z4Z_normal.jpg","http://pbs.twimg.com/profile_images/900523699501244416/_XA-5z4Z_normal.jpg","https://pbs.twimg.com/profile_images/900523699501244416/_XA-5z4Z_normal.jpg","1DA1F2","C0DEED","DDEEF6","333333",TRUE,TRUE,FALSE,"https://pbs.twimg.com/profile_banners/808081070671482882/1491841687"
"2756467597","Maddy","madisongaudet",NA,NA,FALSE,418,396,0,2014-08-22 20:55:12,21981,NA,NA,TRUE,FALSE,1213,"en",FALSE,FALSE,FALSE,"C0DEED","http://abs.twimg.com/images/themes/theme1/bg.png","https://abs.twimg.com/images/themes/theme1/bg.png",FALSE,"http://pbs.twimg.com/profile_images/956741466394710016/2FKdyI5__normal.jpg","https://pbs.twimg.com/profile_images/956741466394710016/2FKdyI5__normal.jpg","http://pbs.twimg.com/profile_images/956741466394710016/2FKdyI5__normal.jpg","https://pbs.twimg.com/profile_images/956741466394710016/2FKdyI5__normal.jpg","1DA1F2","C0DEED","DDEEF6","333333",TRUE,TRUE,FALSE,"https://pbs.twimg.com/profile_banners/2756467597/1516939834"
"601067012","Puritan","PuritanUSA","Guilford, Maine","Known worldwide as a trusted manufacturer of single-use products for healthcare, #diagnostic, #forensic, critical environment, #foodsafety & drug manufacturing.",FALSE,1355,1420,31,2012-06-06 15:44:17,125,-14400,"Atlantic Time (Canada)",TRUE,FALSE,5715,"en",FALSE,FALSE,FALSE,"9ED8D2","http://pbs.twimg.com/profile_background_images/737358299/bb4dba39a0b8c88e8b0dfe08cb954960.jpeg","https://pbs.twimg.com/profile_background_images/737358299/bb4dba39a0b8c88e8b0dfe08cb954960.jpeg",FALSE,"http://pbs.twimg.com/profile_images/461862405274746880/1lB0T6rA_normal.jpeg","https://pbs.twimg.com/profile_images/461862405274746880/1lB0T6rA_normal.jpeg","http://pbs.twimg.com/profile_images/461862405274746880/1lB0T6rA_normal.jpeg","https://pbs.twimg.com/profile_images/461862405274746880/1lB0T6rA_normal.jpeg","0C0338","000000","DDEEF6","333333",TRUE,FALSE,FALSE,"https://pbs.twimg.com/profile_banners/601067012/1512397601"
"50045830","Luiza Sá","luizasabg","Rio de Janeiro - Brazil","Jornalista, carioca e setorista do Fluminense no LANCE!.",FALSE,3511,1055,72,2009-06-23 17:48:25,396,-10800,"Santiago",TRUE,FALSE,48435,"en",FALSE,FALSE,FALSE,"EBEBEB","http://pbs.twimg.com/profile_background_images/512048524502913024/2GKzXSJx.jpeg","https://pbs.twimg.com/profile_background_images/512048524502913024/2GKzXSJx.jpeg",TRUE,"http://pbs.twimg.com/profile_images/834033283755278337/KGJGUpU0_normal.jpg","https://pbs.twimg.com/profile_images/834033283755278337/KGJGUpU0_normal.jpg","http://pbs.twimg.com/profile_images/834033283755278337/KGJGUpU0_normal.jpg","https://pbs.twimg.com/profile_images/834033283755278337/KGJGUpU0_normal.jpg","EB0E5F","FFFFFF","FFFFFF","000000",TRUE,FALSE,FALSE,"https://pbs.twimg.com/profile_banners/50045830/1516763473"
"1190562716","Matheus Teutschbein","MPTeutschbein","Juiz de Fora (MG)","Professor de História, botafoguense, libriano.",FALSE,1691,5000,4,2013-02-17 18:09:57,52542,-10800,"Brasilia",TRUE,FALSE,17438,"pt",FALSE,FALSE,FALSE,"C0DEED","http://abs.twimg.com/images/themes/theme1/bg.png","https://abs.twimg.com/images/themes/theme1/bg.png",FALSE,"http://pbs.twimg.com/profile_images/818521885013053440/dJ8VuMmO_normal.jpg","https://pbs.twimg.com/profile_images/818521885013053440/dJ8VuMmO_normal.jpg","http://pbs.twimg.com/profile_images/818521885013053440/dJ8VuMmO_normal.jpg","https://pbs.twimg.com/profile_images/818521885013053440/dJ8VuMmO_normal.jpg","1DA1F2","C0DEED","DDEEF6","333333",TRUE,TRUE,FALSE,"https://pbs.twimg.com/profile_banners/1190562716/1478120360"
"2845590130","moon resident","lunaticwindows","São Paulo, Brasil","lunatic red eyes",FALSE,66,411,1,2014-10-26 18:31:17,3715,-28800,"Pacific Time (US & Canada)",TRUE,FALSE,1559,"pt",FALSE,FALSE,FALSE,"000000","http://abs.twimg.com/images/themes/theme1/bg.png","https://abs.twimg.com/images/themes/theme1/bg.png",FALSE,"http://pbs.twimg.com/profile_images/959813930251104257/XO9aCsu-_normal.jpg","https://pbs.twimg.com/profile_images/959813930251104257/XO9aCsu-_normal.jpg","http://pbs.twimg.com/profile_images/959813930251104257/XO9aCsu-_normal.jpg","https://pbs.twimg.com/profile_images/959813930251104257/XO9aCsu-_normal.jpg","4A913C","000000","000000","000000",FALSE,FALSE,FALSE,"https://pbs.twimg.com/profile_banners/2845590130/1516193271"
"722122008444669953","Cunha","yancunha_3",NA,"A distância permite saudade mas nunca o esquecimento...",FALSE,564,409,1,2016-04-18 17:57:57,3821,-28800,"Pacific Time (US & Canada)",TRUE,FALSE,6553,"pt",FALSE,FALSE,FALSE,"000000","http://abs.twimg.com/images/themes/theme1/bg.png","https://abs.twimg.com/images/themes/theme1/bg.png",FALSE,"http://pbs.twimg.com/profile_images/968261699278077952/Mr7s8VZf_normal.jpg","https://pbs.twimg.com/profile_images/968261699278077952/Mr7s8VZf_normal.jpg","http://pbs.twimg.com/profile_images/968261699278077952/Mr7s8VZf_normal.jpg","https://pbs.twimg.com/profile_images/968261699278077952/Mr7s8VZf_normal.jpg","FF691F","000000","000000","000000",FALSE,FALSE,FALSE,"https://pbs.twimg.com/profile_banners/722122008444669953/1519580404"
"1586862090","Ralph Brogdon Jr.","BrogdonRalph","Philadelphia Pennsylvania","Semi-educated veteran, agriculturalist a forever student of Permaculture,who likes to laugh ""06"" who would like to organic farm when he retires.",FALSE,181,296,4,2013-07-11 21:53:58,13154,NA,NA,TRUE,FALSE,5373,"en",FALSE,FALSE,FALSE,"C0DEED","http://abs.twimg.com/images/themes/theme1/bg.png","https://abs.twimg.com/images/themes/theme1/bg.png",FALSE,"http://pbs.twimg.com/profile_images/834760055153102849/bHvx7yyU_normal.jpg","https://pbs.twimg.com/profile_images/834760055153102849/bHvx7yyU_normal.jpg","http://pbs.twimg.com/profile_images/834760055153102849/bHvx7yyU_normal.jpg","https://pbs.twimg.com/profile_images/834760055153102849/bHvx7yyU_normal.jpg","1DA1F2","C0DEED","DDEEF6","333333",TRUE,TRUE,FALSE,"https://pbs.twimg.com/profile_banners/1586862090/1487857281"
"966355767422062592","Luca Tyler","LUCATYLER_","London, England","Its just Luka with something special, Crypto Investor.",FALSE,9,54,0,2018-02-21 16:55:43,0,NA,NA,FALSE,FALSE,86,"en",FALSE,FALSE,FALSE,"000000","http://abs.twimg.com/images/themes/theme1/bg.png","https://abs.twimg.com/images/themes/theme1/bg.png",FALSE,"http://pbs.twimg.com/profile_images/966357429834387456/CTYZDdFa_normal.jpg","https://pbs.twimg.com/profile_images/966357429834387456/CTYZDdFa_normal.jpg","http://pbs.twimg.com/profile_images/966357429834387456/CTYZDdFa_normal.jpg","https://pbs.twimg.com/profile_images/966357429834387456/CTYZDdFa_normal.jpg","E81C4F","000000","000000","000000",FALSE,FALSE,FALSE,"https://pbs.twimg.com/profile_banners/966355767422062592/1519288834"
"825378261165293568","bianconeri","bixnconeri","Rio de Janeiro, Brasil","@BotafogoOficial @cavalinhoBFR @juventusfc @Official_NCFC @mxrcwlo",FALSE,1601,710,16,2017-01-28 16:21:27,35560,-28800,"Pacific Time (US & Canada)",TRUE,FALSE,350,"pt",FALSE,FALSE,FALSE,"F5F8FA",NA,NA,FALSE,"http://pbs.twimg.com/profile_images/967472890340954118/PUYF8frH_normal.jpg","https://pbs.twimg.com/profile_images/967472890340954118/PUYF8frH_normal.jpg","http://pbs.twimg.com/profile_images/967472890340954118/PUYF8frH_normal.jpg","https://pbs.twimg.com/profile_images/967472890340954118/PUYF8frH_normal.jpg","1DA1F2","C0DEED","DDEEF6","333333",TRUE,TRUE,FALSE,"https://pbs.twimg.com/profile_banners/825378261165293568/1518571648"
"127656022","Vegeta’s Torn Rotator Cuff","GetBizzyChrizzy",NA,"Of all the things I hold in high regard, rules are not one of them",FALSE,1219,660,51,2010-03-29 21:52:37,2949,-18000,"Quito",TRUE,FALSE,206918,"en",FALSE,FALSE,FALSE,"1A1B1F","http://pbs.twimg.com/profile_background_images/304445890/thirst.jpg","https://pbs.twimg.com/profile_background_images/304445890/thirst.jpg",TRUE,"http://pbs.twimg.com/profile_images/963909166606831617/J9jo0mrU_normal.jpg","https://pbs.twimg.com/profile_images/963909166606831617/J9jo0mrU_normal.jpg","http://pbs.twimg.com/profile_images/963909166606831617/J9jo0mrU_normal.jpg","https://pbs.twimg.com/profile_images/963909166606831617/J9jo0mrU_normal.jpg","2FC2EF","181A1E","252429","666666",TRUE,FALSE,FALSE,"https://pbs.twimg.com/profile_banners/127656022/1516411314"
"27886811","Felipe Siqueira","felipe_siqueira",NA,"Repórter do https://t.co/SgSiA3Egkt",FALSE,3893,1063,34,2009-03-31 15:00:27,448,-10800,"Brasilia",TRUE,FALSE,1848,"pt",FALSE,FALSE,FALSE,"131516","http://abs.twimg.com/images/themes/theme14/bg.gif","https://abs.twimg.com/images/themes/theme14/bg.gif",TRUE,"http://pbs.twimg.com/profile_images/758959021508300800/hqDVpS-v_normal.jpg","https://pbs.twimg.com/profile_images/758959021508300800/hqDVpS-v_normal.jpg","http://pbs.twimg.com/profile_images/758959021508300800/hqDVpS-v_normal.jpg","https://pbs.twimg.com/profile_images/758959021508300800/hqDVpS-v_normal.jpg","009999","EEEEEE","EFEFEF","333333",TRUE,FALSE,FALSE,NA
"73951681","pv","Deusnaldo",NA,"de boa com quem eh de boa",FALSE,103,552,0,2009-09-13 19:13:37,949,-10800,"Brasilia",TRUE,FALSE,2927,"pt",FALSE,FALSE,FALSE,"C0DEED","http://abs.twimg.com/images/themes/theme1/bg.png","https://abs.twimg.com/images/themes/theme1/bg.png",FALSE,"http://pbs.twimg.com/profile_images/968120699641647104/6tGbuUDQ_normal.jpg","https://pbs.twimg.com/profile_images/968120699641647104/6tGbuUDQ_normal.jpg","http://pbs.twimg.com/profile_images/968120699641647104/6tGbuUDQ_normal.jpg","https://pbs.twimg.com/profile_images/968120699641647104/6tGbuUDQ_normal.jpg","1DA1F2","C0DEED","DDEEF6","333333",TRUE,TRUE,FALSE,"https://pbs.twimg.com/profile_banners/73951681/1515246073"
"174757814","Breno Monsef","brenomonsef","Rio de Janeiro","Jornalista e radialista. No https://t.co/WzlmknTbN5 e na Rede Mais Esportes. Antes, Rádio Transamérica.",FALSE,3335,721,25,2010-08-04 19:09:38,4742,-10800,"Brasilia",TRUE,FALSE,12221,"en",FALSE,FALSE,FALSE,"000000","http://abs.twimg.com/images/themes/theme14/bg.gif","https://abs.twimg.com/images/themes/theme14/bg.gif",FALSE,"http://pbs.twimg.com/profile_images/968500520943083522/YRPwQOS__normal.jpg","https://pbs.twimg.com/profile_images/968500520943083522/YRPwQOS__normal.jpg","http://pbs.twimg.com/profile_images/968500520943083522/YRPwQOS__normal.jpg","https://pbs.twimg.com/profile_images/968500520943083522/YRPwQOS__normal.jpg","154703","000000","000000","000000",FALSE,FALSE,FALSE,NA
"571181787","Gary Hallford","GaryHallford","San Francisco, CA","Too complicated to go into in less than 100,000 words.",FALSE,310,779,17,2012-05-04 19:45:36,859,NA,NA,TRUE,FALSE,14368,"en",FALSE,FALSE,FALSE,"C0DEED","http://abs.twimg.com/images/themes/theme1/bg.png","https://abs.twimg.com/images/themes/theme1/bg.png",FALSE,"http://pbs.twimg.com/profile_images/3075043135/4e2257351530154241ac9ba0ad9e9569_normal.jpeg","https://pbs.twimg.com/profile_images/3075043135/4e2257351530154241ac9ba0ad9e9569_normal.jpeg","http://pbs.twimg.com/profile_images/3075043135/4e2257351530154241ac9ba0ad9e9569_normal.jpeg","https://pbs.twimg.com/profile_images/3075043135/4e2257351530154241ac9ba0ad9e9569_normal.jpeg","1DA1F2","C0DEED","DDEEF6","333333",TRUE,TRUE,FALSE,"https://pbs.twimg.com/profile_banners/571181787/1397268378"
"940756892724408320","Karen Kovaka","KKovaka",NA,"Philosopher at University of Pittsburgh’s @Center4PhilSci. Associate Director for Community Science at the Galápagos Alliance.",FALSE,7,43,0,2017-12-13 01:34:56,3,NA,NA,FALSE,FALSE,3,"en",FALSE,FALSE,FALSE,"F5F8FA",NA,NA,FALSE,"http://pbs.twimg.com/profile_images/968319114832961542/rVdQDwJl_normal.jpg","https://pbs.twimg.com/profile_images/968319114832961542/rVdQDwJl_normal.jpg","http://pbs.twimg.com/profile_images/968319114832961542/rVdQDwJl_normal.jpg","https://pbs.twimg.com/profile_images/968319114832961542/rVdQDwJl_normal.jpg","1DA1F2","C0DEED","DDEEF6","333333",TRUE,TRUE,FALSE,"https://pbs.twimg.com/profile_banners/940756892724408320/1519698680"
"575723417","Vanessa <f0><U+009F><U+0096><U+00A4>","Finessakaylee",NA,"Be kind and hustle hard",FALSE,215,147,1,2012-05-09 22:29:01,16166,-36000,"Hawaii",TRUE,FALSE,5609,"en",FALSE,FALSE,FALSE,"C0DEED","http://abs.twimg.com/images/themes/theme1/bg.png","https://abs.twimg.com/images/themes/theme1/bg.png",FALSE,"http://pbs.twimg.com/profile_images/968241233029226497/_ibMMh2F_normal.jpg","https://pbs.twimg.com/profile_images/968241233029226497/_ibMMh2F_normal.jpg","http://pbs.twimg.com/profile_images/968241233029226497/_ibMMh2F_normal.jpg","https://pbs.twimg.com/profile_images/968241233029226497/_ibMMh2F_normal.jpg","1DA1F2","C0DEED","DDEEF6","333333",TRUE,TRUE,FALSE,"https://pbs.twimg.com/profile_banners/575723417/1514609799"
"47136539","Javi","CallMeSeven_","201, NJ","S<U+039B><U+0392> | RU Alum | NJ | Proud Latino | Co-Founder of “The Wave App” <f0><U+009F><U+008C><U+008A>",FALSE,384,346,2,2009-06-14 17:50:10,3288,-18000,"Eastern Time (US & Canada)",TRUE,FALSE,12500,"en",FALSE,FALSE,FALSE,"000000","http://pbs.twimg.com/profile_background_images/669151829062647808/21qg5iLf.jpg","https://pbs.twimg.com/profile_background_images/669151829062647808/21qg5iLf.jpg",FALSE,"http://pbs.twimg.com/profile_images/849693203552886784/zO42I10x_normal.jpg","https://pbs.twimg.com/profile_images/849693203552886784/zO42I10x_normal.jpg","http://pbs.twimg.com/profile_images/849693203552886784/zO42I10x_normal.jpg","https://pbs.twimg.com/profile_images/849693203552886784/zO42I10x_normal.jpg","663399","000000","121212","990000",TRUE,FALSE,FALSE,"https://pbs.twimg.com/profile_banners/47136539/1517372071"
"1135450518","Hollyrope","Hollyrope","Hollywood, CA","Glammed up bondage from Hollywood, CA. The finest soft bondage, the most beautiful models. Visit us at https://t.co/6l9QUFnT37 and https://t.co/kykIxUovc8",FALSE,11410,508,63,2013-01-30 23:19:35,12105,NA,NA,TRUE,FALSE,8924,"en",FALSE,FALSE,FALSE,"262526","http://pbs.twimg.com/profile_background_images/777884464/693a2102dea7283e5605816b540c1ee0.jpeg","https://pbs.twimg.com/profile_background_images/777884464/693a2102dea7283e5605816b540c1ee0.jpeg",FALSE,"http://pbs.twimg.com/profile_images/911649843948294144/VOsS2gcE_normal.jpg","https://pbs.twimg.com/profile_images/911649843948294144/VOsS2gcE_normal.jpg","http://pbs.twimg.com/profile_images/911649843948294144/VOsS2gcE_normal.jpg","https://pbs.twimg.com/profile_images/911649843948294144/VOsS2gcE_normal.jpg","E00DB6","FFFFFF","DDEEF6","333333",TRUE,FALSE,FALSE,"https://pbs.twimg.com/profile_banners/1135450518/1507142271"
"3326855529","Luís Paulo","lpluispaullo",NA,"Rio de Janeiro",FALSE,508,1223,5,2015-06-15 12:59:37,24331,-28800,"Pacific Time (US & Canada)",TRUE,FALSE,32637,"pt",FALSE,FALSE,FALSE,"1A1B1F","http://abs.twimg.com/images/themes/theme9/bg.gif","https://abs.twimg.com/images/themes/theme9/bg.gif",FALSE,"http://pbs.twimg.com/profile_images/878075552766337024/HjN_LxDm_normal.jpg","https://pbs.twimg.com/profile_images/878075552766337024/HjN_LxDm_normal.jpg","http://pbs.twimg.com/profile_images/878075552766337024/HjN_LxDm_normal.jpg","https://pbs.twimg.com/profile_images/878075552766337024/HjN_LxDm_normal.jpg","2FC2EF","181A1E","252429","666666",TRUE,FALSE,FALSE,"https://pbs.twimg.com/profile_banners/3326855529/1461522032"
"391753321","Erin Hurst","erin_hurst","South Carolina","Seeking ""to know Christ and to make Him known"" | MSP, CF-SLP | Lover of laughs, peanut butter & chocolate, quality time with people, music, & lime green.",FALSE,90,348,2,2011-10-16 02:00:51,3605,-18000,"Eastern Time (US & Canada)",FALSE,FALSE,1678,"en",FALSE,FALSE,FALSE,"FA743E","http://pbs.twimg.com/profile_background_images/649697926042681344/3wFBf9Lx.jpg","https://pbs.twimg.com/profile_background_images/649697926042681344/3wFBf9Lx.jpg",FALSE,"http://pbs.twimg.com/profile_images/932439791773331456/WEridIaG_normal.jpg","https://pbs.twimg.com/profile_images/932439791773331456/WEridIaG_normal.jpg","http://pbs.twimg.com/profile_images/932439791773331456/WEridIaG_normal.jpg","https://pbs.twimg.com/profile_images/932439791773331456/WEridIaG_normal.jpg","000000","000000","333333","AD2626",TRUE,FALSE,FALSE,"https://pbs.twimg.com/profile_banners/391753321/1517101138"
"20503909","Chemist+Druggist","ChemistDruggist","London, UK","C+D has been informing, supporting & championing community pharmacy since 1859. Proud to be at the forefront of providing the latest pharmacy news. Part of @UBM",FALSE,13307,1315,203,2009-02-10 10:00:47,2754,0,"London",TRUE,TRUE,22691,"en",FALSE,FALSE,FALSE,"C0DEED","http://abs.twimg.com/images/themes/theme1/bg.png","https://abs.twimg.com/images/themes/theme1/bg.png",FALSE,"http://pbs.twimg.com/profile_images/932883803231498240/CiRy0Ntv_normal.jpg","https://pbs.twimg.com/profile_images/932883803231498240/CiRy0Ntv_normal.jpg","http://pbs.twimg.com/profile_images/932883803231498240/CiRy0Ntv_normal.jpg","https://pbs.twimg.com/profile_images/932883803231498240/CiRy0Ntv_normal.jpg","1B95E0","C0DEED","DDEEF6","333333",TRUE,FALSE,FALSE,"https://pbs.twimg.com/profile_banners/20503909/1510245342"
"2468417631","Catty Pat","caitlinpurdy_4",NA,"Hamilton HS 2016 // Hamilton College 2020",FALSE,315,290,1,2014-04-07 23:51:26,3656,-28800,"Pacific Time (US & Canada)",FALSE,FALSE,2147,"en",FALSE,FALSE,FALSE,"C0DEED","http://abs.twimg.com/images/themes/theme1/bg.png","https://abs.twimg.com/images/themes/theme1/bg.png",FALSE,"http://pbs.twimg.com/profile_images/784190145704648704/8pV_0mDf_normal.jpg","https://pbs.twimg.com/profile_images/784190145704648704/8pV_0mDf_normal.jpg","http://pbs.twimg.com/profile_images/784190145704648704/8pV_0mDf_normal.jpg","https://pbs.twimg.com/profile_images/784190145704648704/8pV_0mDf_normal.jpg","1DA1F2","C0DEED","DDEEF6","333333",TRUE,TRUE,FALSE,"https://pbs.twimg.com/profile_banners/2468417631/1486324593"
"472434805","Lianne bradley","bradley_lianne","Prestwick",NA,FALSE,358,951,1,2012-01-23 23:13:28,2824,NA,NA,FALSE,FALSE,2676,"en",FALSE,FALSE,FALSE,"C0DEED","http://abs.twimg.com/images/themes/theme1/bg.png","https://abs.twimg.com/images/themes/theme1/bg.png",FALSE,"http://pbs.twimg.com/profile_images/913389194571079685/4ff9YvNh_normal.jpg","https://pbs.twimg.com/profile_images/913389194571079685/4ff9YvNh_normal.jpg","http://pbs.twimg.com/profile_images/913389194571079685/4ff9YvNh_normal.jpg","https://pbs.twimg.com/profile_images/913389194571079685/4ff9YvNh_normal.jpg","1DA1F2","C0DEED","DDEEF6","333333",TRUE,TRUE,FALSE,"https://pbs.twimg.com/profile_banners/472434805/1451161989"
"2854161209","cum idiot","virtuaIusti","111817","bruvh...",FALSE,3195,90,50,2014-11-01 02:34:12,22263,-18000,"Eastern Time (US & Canada)",TRUE,FALSE,38462,"en",FALSE,FALSE,FALSE,"000000","http://abs.twimg.com/images/themes/theme1/bg.png","https://abs.twimg.com/images/themes/theme1/bg.png",FALSE,"http://pbs.twimg.com/profile_images/969321139343446016/LbyamBkw_normal.jpg","https://pbs.twimg.com/profile_images/969321139343446016/LbyamBkw_normal.jpg","http://pbs.twimg.com/profile_images/969321139343446016/LbyamBkw_normal.jpg","https://pbs.twimg.com/profile_images/969321139343446016/LbyamBkw_normal.jpg","7FDBB6","000000","000000","000000",FALSE,FALSE,FALSE,"https://pbs.twimg.com/profile_banners/2854161209/1519906704"
"836632634650415104","Inspirra Healthcare","InspirraHealth",NA,NA,FALSE,4,35,0,2017-02-28 17:42:18,5,-21600,"Central Time (US & Canada)",FALSE,FALSE,23,"en",FALSE,FALSE,FALSE,"F5F8FA",NA,NA,FALSE,"http://abs.twimg.com/sticky/default_profile_images/default_profile_normal.png","https://abs.twimg.com/sticky/default_profile_images/default_profile_normal.png","http://abs.twimg.com/sticky/default_profile_images/default_profile_normal.png","https://abs.twimg.com/sticky/default_profile_images/default_profile_normal.png","1DA1F2","C0DEED","DDEEF6","333333",TRUE,TRUE,TRUE,NA
"18956303","Inova Health","InovaHealth","Northern Virginia, USA","Inova's mission is to improve the health of the diverse community it serves through excellence in patient care, education and research. #InovaHealth",FALSE,8571,533,392,2009-01-13 22:22:51,2076,-18000,"Eastern Time (US & Canada)",TRUE,TRUE,19319,"en",FALSE,FALSE,FALSE,"FFFFFF","http://pbs.twimg.com/profile_background_images/458618681073754112/bcu0Giew.jpeg","https://pbs.twimg.com/profile_background_images/458618681073754112/bcu0Giew.jpeg",FALSE,"http://pbs.twimg.com/profile_images/2287703677/n9e34zucj15tmig04k4q_normal.jpeg","https://pbs.twimg.com/profile_images/2287703677/n9e34zucj15tmig04k4q_normal.jpeg","http://pbs.twimg.com/profile_images/2287703677/n9e34zucj15tmig04k4q_normal.jpeg","https://pbs.twimg.com/profile_images/2287703677/n9e34zucj15tmig04k4q_normal.jpeg","004B8D","FFFFFF","C0DFEC","333333",FALSE,FALSE,FALSE,"https://pbs.twimg.com/profile_banners/18956303/1513195319"
"2951459295","Anthony Ertl","ErtlAnthony","Ottawa, ON, Canada","Public servant, volunteer, socially conscious citizen, consumer advocate, baseball superfan, lover of books and film.",FALSE,140,172,7,2014-12-30 17:24:21,5865,NA,NA,FALSE,FALSE,7616,"en",FALSE,FALSE,FALSE,"C0DEED","http://abs.twimg.com/images/themes/theme1/bg.png","https://abs.twimg.com/images/themes/theme1/bg.png",FALSE,"http://pbs.twimg.com/profile_images/928448355293831168/WJKzG9lW_normal.jpg","https://pbs.twimg.com/profile_images/928448355293831168/WJKzG9lW_normal.jpg","http://pbs.twimg.com/profile_images/928448355293831168/WJKzG9lW_normal.jpg","https://pbs.twimg.com/profile_images/928448355293831168/WJKzG9lW_normal.jpg","1DA1F2","C0DEED","DDEEF6","333333",TRUE,TRUE,FALSE,NA
"2223887437","Eric","_EricWoods",NA,"sometimes you gotta work a little to ball a lot",FALSE,430,282,0,2013-11-30 23:42:47,7814,NA,NA,TRUE,FALSE,2161,"en",FALSE,FALSE,FALSE,"C0DEED","http://abs.twimg.com/images/themes/theme1/bg.png","https://abs.twimg.com/images/themes/theme1/bg.png",FALSE,"http://pbs.twimg.com/profile_images/960978970643783680/23Z5Mq7a_normal.jpg","https://pbs.twimg.com/profile_images/960978970643783680/23Z5Mq7a_normal.jpg","http://pbs.twimg.com/profile_images/960978970643783680/23Z5Mq7a_normal.jpg","https://pbs.twimg.com/profile_images/960978970643783680/23Z5Mq7a_normal.jpg","1DA1F2","C0DEED","DDEEF6","333333",TRUE,TRUE,FALSE,"https://pbs.twimg.com/profile_banners/2223887437/1517521912"
"3279675434","m","mmk_fla_flu_fle",NA,"<U+6625><U+304B><U+3089><U+65E9><U+7A32><U+7530>",FALSE,117,133,9,2015-07-14 14:50:10,12559,-39600,"International Date Line West",TRUE,FALSE,71405,"ja",FALSE,FALSE,FALSE,"C0DEED","http://abs.twimg.com/images/themes/theme1/bg.png","https://abs.twimg.com/images/themes/theme1/bg.png",FALSE,"http://pbs.twimg.com/profile_images/968506632870150145/bpq6atCS_normal.jpg","https://pbs.twimg.com/profile_images/968506632870150145/bpq6atCS_normal.jpg","http://pbs.twimg.com/profile_images/968506632870150145/bpq6atCS_normal.jpg","https://pbs.twimg.com/profile_images/968506632870150145/bpq6atCS_normal.jpg","1DA1F2","C0DEED","DDEEF6","333333",TRUE,TRUE,FALSE,"https://pbs.twimg.com/profile_banners/3279675434/1518345529"
"14381395","Lili Wilkinson","twitofalili","melbourne, australia","YA author. The Boundless Sublime out now with Allen & Unwin in Australia, Switch Press in the US.",FALSE,3381,910,197,2008-04-14 04:56:10,9271,39600,"Melbourne",TRUE,TRUE,36528,"en",FALSE,FALSE,FALSE,"FE4365","http://pbs.twimg.com/profile_background_images/424273219/heartstrings.png","https://pbs.twimg.com/profile_background_images/424273219/heartstrings.png",TRUE,"http://pbs.twimg.com/profile_images/764950020164505600/fIpSBzAM_normal.jpg","https://pbs.twimg.com/profile_images/764950020164505600/fIpSBzAM_normal.jpg","http://pbs.twimg.com/profile_images/764950020164505600/fIpSBzAM_normal.jpg","https://pbs.twimg.com/profile_images/764950020164505600/fIpSBzAM_normal.jpg","F9CDAD","83AF9B","C8C8A9","FC9D9A",TRUE,FALSE,FALSE,"https://pbs.twimg.com/profile_banners/14381395/1471213203"
"247860946","AngeRY Cat nO bAnaNa","BubblexBlondie","Purdue University","I’m just saying what we’re all thinking",FALSE,192,476,0,2011-02-05 18:39:02,804,-21600,"Central Time (US & Canada)",TRUE,FALSE,1170,"en",FALSE,FALSE,FALSE,"07090B","http://pbs.twimg.com/profile_background_images/332281007/Rainbow_Zebra_by_PaperMonicle.jpg","https://pbs.twimg.com/profile_background_images/332281007/Rainbow_Zebra_by_PaperMonicle.jpg",TRUE,"http://pbs.twimg.com/profile_images/883107470876565505/dV6m9rlG_normal.jpg","https://pbs.twimg.com/profile_images/883107470876565505/dV6m9rlG_normal.jpg","http://pbs.twimg.com/profile_images/883107470876565505/dV6m9rlG_normal.jpg","https://pbs.twimg.com/profile_images/883107470876565505/dV6m9rlG_normal.jpg","89C9FA","BFBFBF","C9C9C9","1C1F23",TRUE,FALSE,FALSE,"https://pbs.twimg.com/profile_banners/247860946/1499920192"
"1616423526","Juan <U+2720>","LacerdaS98",NA,NA,FALSE,76,93,0,2013-07-24 00:48:49,1147,NA,NA,TRUE,FALSE,5189,"pt",FALSE,FALSE,FALSE,"0099B9","http://abs.twimg.com/images/themes/theme4/bg.gif","https://abs.twimg.com/images/themes/theme4/bg.gif",FALSE,"http://pbs.twimg.com/profile_images/933520484234391552/7FVxCeyt_normal.jpg","https://pbs.twimg.com/profile_images/933520484234391552/7FVxCeyt_normal.jpg","http://pbs.twimg.com/profile_images/933520484234391552/7FVxCeyt_normal.jpg","https://pbs.twimg.com/profile_images/933520484234391552/7FVxCeyt_normal.jpg","0099B9","5ED4DC","95E8EC","3C3940",TRUE,FALSE,FALSE,"https://pbs.twimg.com/profile_banners/1616423526/1456795716"
"2236613911","OliviaK","MsOliviaK",NA,NA,FALSE,131,654,5,2013-12-08 21:32:54,16434,3600,"Bern",FALSE,FALSE,5592,"de",FALSE,FALSE,FALSE,"DD2E44","http://abs.twimg.com/images/themes/theme18/bg.gif","https://abs.twimg.com/images/themes/theme18/bg.gif",FALSE,"http://pbs.twimg.com/profile_images/922306402047135749/fDH5ICoH_normal.jpg","https://pbs.twimg.com/profile_images/922306402047135749/fDH5ICoH_normal.jpg","http://pbs.twimg.com/profile_images/922306402047135749/fDH5ICoH_normal.jpg","https://pbs.twimg.com/profile_images/922306402047135749/fDH5ICoH_normal.jpg","3B94D9","000000","000000","000000",TRUE,FALSE,FALSE,"https://pbs.twimg.com/profile_banners/2236613911/1517249499"
"407997092","Emily Brennan","em_bren5","Dublin City, Ireland","Runner-up in the 1997 Design a Callcard competition and I have the t-shirt to prove it. Work in PR in Dublin with @helloalicepr. #andacyclist",FALSE,598,1480,20,2011-11-08 20:55:54,2405,0,"Dublin",TRUE,FALSE,2157,"en",FALSE,FALSE,FALSE,"89C9FA","http://pbs.twimg.com/profile_background_images/840939272/cecec74f59598d74090d391ee9368b1d.jpeg","https://pbs.twimg.com/profile_background_images/840939272/cecec74f59598d74090d391ee9368b1d.jpeg",TRUE,"http://pbs.twimg.com/profile_images/912674527758422016/xRNQf-WG_normal.jpg","https://pbs.twimg.com/profile_images/912674527758422016/xRNQf-WG_normal.jpg","http://pbs.twimg.com/profile_images/912674527758422016/xRNQf-WG_normal.jpg","https://pbs.twimg.com/profile_images/912674527758422016/xRNQf-WG_normal.jpg","0084B4","FFFFFF","DDEEF6","333333",TRUE,FALSE,FALSE,"https://pbs.twimg.com/profile_banners/407997092/1506433781"
"891042394275270656","hazel","scrapbookdjh",NA,"i am truly a muse",FALSE,2826,100,124,2017-07-28 21:07:16,12799,NA,NA,TRUE,FALSE,19866,"en",FALSE,FALSE,FALSE,"000000","http://abs.twimg.com/images/themes/theme1/bg.png","https://abs.twimg.com/images/themes/theme1/bg.png",FALSE,"http://pbs.twimg.com/profile_images/955570360388411392/Unx2KoDb_normal.jpg","https://pbs.twimg.com/profile_images/955570360388411392/Unx2KoDb_normal.jpg","http://pbs.twimg.com/profile_images/955570360388411392/Unx2KoDb_normal.jpg","https://pbs.twimg.com/profile_images/955570360388411392/Unx2KoDb_normal.jpg","ABB8C2","000000","000000","000000",FALSE,FALSE,FALSE,"https://pbs.twimg.com/profile_banners/891042394275270656/1517892243"
"3310074528","Justice Booming","zhonne",NA,"Unfollowed the Pope. SaveACA TheResistance ImStillWithHer I AmAntiFascist UnhackTheVote WeCareAboutEverybody RN<U+26C8><f0><U+009F><U+008C><U+00BB><f0><U+009F><U+0090><U+009E><f0><U+009F><U+008C><U+0082><f0><U+009F><U+008C><U+008A>I rarely follow, often block.",FALSE,1359,575,11,2015-08-09 02:18:03,164315,NA,NA,FALSE,FALSE,163315,"en",FALSE,FALSE,FALSE,"C0DEED","http://abs.twimg.com/images/themes/theme1/bg.png","https://abs.twimg.com/images/themes/theme1/bg.png",FALSE,"http://pbs.twimg.com/profile_images/923263163159556096/j5VjA0ka_normal.jpg","https://pbs.twimg.com/profile_images/923263163159556096/j5VjA0ka_normal.jpg","http://pbs.twimg.com/profile_images/923263163159556096/j5VjA0ka_normal.jpg","https://pbs.twimg.com/profile_images/923263163159556096/j5VjA0ka_normal.jpg","1DA1F2","C0DEED","DDEEF6","333333",TRUE,TRUE,FALSE,"https://pbs.twimg.com/profile_banners/3310074528/1504560104"
"292689832","KaRiWiz Joy","LArcNewsXile",NA,"100%JP Lover-jpop/jsingers/Jactors; JDo; JE; LDH FAM. NEWS, ARASHI, TEGO, YAMAKEN, DEAN, MIURA, MOCO, TAKERU, ICHIHARA H, SUDA M, OKADA M, HANYU Y, SHUNYA S.",FALSE,441,940,2,2011-05-04 02:09:02,74072,-32400,"Alaska",FALSE,FALSE,73771,"en",FALSE,FALSE,FALSE,"642D8B","http://pbs.twimg.com/profile_background_images/817406136/1d0213c3c95881810f44c3d149941fdd.jpeg","https://pbs.twimg.com/profile_background_images/817406136/1d0213c3c95881810f44c3d149941fdd.jpeg",TRUE,"http://pbs.twimg.com/profile_images/576381323582906368/dcN9KPLq_normal.png","https://pbs.twimg.com/profile_images/576381323582906368/dcN9KPLq_normal.png","http://pbs.twimg.com/profile_images/576381323582906368/dcN9KPLq_normal.png","https://pbs.twimg.com/profile_images/576381323582906368/dcN9KPLq_normal.png","E81C4F","FFFFFF","7AC3EE","3D1957",TRUE,FALSE,FALSE,"https://pbs.twimg.com/profile_banners/292689832/1349267341"
"788187525642850304","FLU - MOMENTO <f0><U+009F><U+0087><U+00AE><f0><U+009F><U+0087><U+00B9>","FluMomento","Onde Estiver o Flu, Lá Estou","Informações do @FluminenseFC  / Opiniões / Debates / Zueiras / Acompanhe os jogos <f0><U+009F><U+0094><U+0094>/ (23/10/2016) #SomosFluminense <f0><U+009F><U+0087><U+00AE><f0><U+009F><U+0087><U+00B9>",FALSE,330,174,3,2016-10-18 01:18:44,943,NA,NA,FALSE,FALSE,4360,"pt",FALSE,FALSE,FALSE,"000000","http://abs.twimg.com/images/themes/theme1/bg.png","https://abs.twimg.com/images/themes/theme1/bg.png",FALSE,"http://pbs.twimg.com/profile_images/923371354040258560/h2Tkl5l-_normal.jpg","https://pbs.twimg.com/profile_images/923371354040258560/h2Tkl5l-_normal.jpg","http://pbs.twimg.com/profile_images/923371354040258560/h2Tkl5l-_normal.jpg","https://pbs.twimg.com/profile_images/923371354040258560/h2Tkl5l-_normal.jpg","19CF86","000000","000000","000000",FALSE,FALSE,FALSE,"https://pbs.twimg.com/profile_banners/788187525642850304/1497915379"
"3074504558","Samantha","samigrey_","Orem, UT","yikes™",FALSE,396,266,0,2015-03-12 03:19:39,35264,NA,NA,FALSE,FALSE,7943,"en",FALSE,FALSE,FALSE,"000000","http://abs.twimg.com/images/themes/theme1/bg.png","https://abs.twimg.com/images/themes/theme1/bg.png",FALSE,"http://pbs.twimg.com/profile_images/968607075520544768/IjXWhuWj_normal.jpg","https://pbs.twimg.com/profile_images/968607075520544768/IjXWhuWj_normal.jpg","http://pbs.twimg.com/profile_images/968607075520544768/IjXWhuWj_normal.jpg","https://pbs.twimg.com/profile_images/968607075520544768/IjXWhuWj_normal.jpg","ABB8C2","000000","000000","000000",FALSE,FALSE,FALSE,"https://pbs.twimg.com/profile_banners/3074504558/1519768864"
"566860367","Megg O","slowref","New York, USA",NA,FALSE,315,214,1,2012-04-30 03:01:01,4917,-28800,"Pacific Time (US & Canada)",TRUE,FALSE,2665,"en",FALSE,FALSE,FALSE,"C0DEED","http://pbs.twimg.com/profile_background_images/643781115/ar7z7myybrjeaixlrasd.jpeg","https://pbs.twimg.com/profile_background_images/643781115/ar7z7myybrjeaixlrasd.jpeg",TRUE,"http://pbs.twimg.com/profile_images/750557167833481218/Rx1NExYd_normal.jpg","https://pbs.twimg.com/profile_images/750557167833481218/Rx1NExYd_normal.jpg","http://pbs.twimg.com/profile_images/750557167833481218/Rx1NExYd_normal.jpg","https://pbs.twimg.com/profile_images/750557167833481218/Rx1NExYd_normal.jpg","F5ABB5","C0DEED","DDEEF6","333333",TRUE,FALSE,FALSE,"https://pbs.twimg.com/profile_banners/566860367/1467816090"
"303037373","hürmet seven","hrmetseven","istanbul",NA,FALSE,2736,1958,25,2011-05-22 06:05:39,127230,NA,NA,FALSE,FALSE,89958,"tr",FALSE,FALSE,FALSE,"0099B9","http://pbs.twimg.com/profile_background_images/687779380303495168/-GoNwX7j.jpg","https://pbs.twimg.com/profile_background_images/687779380303495168/-GoNwX7j.jpg",TRUE,"http://pbs.twimg.com/profile_images/687777760643801088/oUAAisdN_normal.jpg","https://pbs.twimg.com/profile_images/687777760643801088/oUAAisdN_normal.jpg","http://pbs.twimg.com/profile_images/687777760643801088/oUAAisdN_normal.jpg","https://pbs.twimg.com/profile_images/687777760643801088/oUAAisdN_normal.jpg","3B94D9","000000","000000","000000",TRUE,FALSE,FALSE,"https://pbs.twimg.com/profile_banners/303037373/1452814032"
"46518225","Tara Crocker","TaraCrox","Plymouth,Devon, UK","I'm 27 a plymouthian at heart and an operations manager by trade...",FALSE,108,345,4,2009-06-11 23:10:57,1177,0,"London",TRUE,FALSE,2692,"en",FALSE,FALSE,FALSE,"000000","http://abs.twimg.com/images/themes/theme9/bg.gif","https://abs.twimg.com/images/themes/theme9/bg.gif",FALSE,"http://pbs.twimg.com/profile_images/731228857949425664/pgY6RQQ7_normal.jpg","https://pbs.twimg.com/profile_images/731228857949425664/pgY6RQQ7_normal.jpg","http://pbs.twimg.com/profile_images/731228857949425664/pgY6RQQ7_normal.jpg","https://pbs.twimg.com/profile_images/731228857949425664/pgY6RQQ7_normal.jpg","9266CC","000000","000000","000000",FALSE,FALSE,FALSE,"https://pbs.twimg.com/profile_banners/46518225/1421880428"
"903274242510385156","2HURT","kobra2savage","Dallas, TX","Young artist trying to make a name for myself @kobra2savage on ig",FALSE,41,142,0,2017-08-31 15:12:16,36,NA,NA,FALSE,FALSE,58,"en",FALSE,FALSE,FALSE,"F5F8FA",NA,NA,FALSE,"http://pbs.twimg.com/profile_images/903275215706357760/S18mP7vf_normal.jpg","https://pbs.twimg.com/profile_images/903275215706357760/S18mP7vf_normal.jpg","http://pbs.twimg.com/profile_images/903275215706357760/S18mP7vf_normal.jpg","https://pbs.twimg.com/profile_images/903275215706357760/S18mP7vf_normal.jpg","1DA1F2","C0DEED","DDEEF6","333333",TRUE,TRUE,FALSE,"https://pbs.twimg.com/profile_banners/903274242510385156/1504192583"
"213872900","André Honorato","andrehonoratope","Recife, Brasil","""Eu rabisco o sol que a chuva apagou.""",FALSE,57,168,1,2010-11-10 00:31:40,613,-10800,"Brasilia",TRUE,FALSE,783,"pt",FALSE,FALSE,FALSE,"131516","http://pbs.twimg.com/profile_background_images/854279955/ae32faebc1bc8e328a7b7143abf52cd0.jpeg","https://pbs.twimg.com/profile_background_images/854279955/ae32faebc1bc8e328a7b7143abf52cd0.jpeg",TRUE,"http://pbs.twimg.com/profile_images/962275616111448064/XE86G3Jx_normal.jpg","https://pbs.twimg.com/profile_images/962275616111448064/XE86G3Jx_normal.jpg","http://pbs.twimg.com/profile_images/962275616111448064/XE86G3Jx_normal.jpg","https://pbs.twimg.com/profile_images/962275616111448064/XE86G3Jx_normal.jpg","ABB8C2","000000","EFEFEF","333333",TRUE,FALSE,FALSE,"https://pbs.twimg.com/profile_banners/213872900/1509670991"
"1537232563","Carrie Felgate RN","Carriebugmad","Staffordshire",NA,FALSE,310,656,7,2013-06-21 19:46:01,2259,NA,NA,TRUE,FALSE,1236,"en",FALSE,FALSE,FALSE,"C0DEED","http://abs.twimg.com/images/themes/theme1/bg.png","https://abs.twimg.com/images/themes/theme1/bg.png",FALSE,"http://pbs.twimg.com/profile_images/800140354452213760/MivRfZPs_normal.jpg","https://pbs.twimg.com/profile_images/800140354452213760/MivRfZPs_normal.jpg","http://pbs.twimg.com/profile_images/800140354452213760/MivRfZPs_normal.jpg","https://pbs.twimg.com/profile_images/800140354452213760/MivRfZPs_normal.jpg","1DA1F2","C0DEED","DDEEF6","333333",TRUE,TRUE,FALSE,NA
"1478256752","Sarah Neill","SarahNeill7",NA,"Associate Prof Childrens Nursing. Passionate about patient experience research, gardening, cooking and the natural world. Tweeting personally.",FALSE,1400,1826,33,2013-06-02 21:31:42,2806,NA,NA,FALSE,FALSE,5184,"en",FALSE,FALSE,FALSE,"C0DEED","http://abs.twimg.com/images/themes/theme1/bg.png","https://abs.twimg.com/images/themes/theme1/bg.png",FALSE,"http://pbs.twimg.com/profile_images/578610999705628672/v9IHqULI_normal.jpeg","https://pbs.twimg.com/profile_images/578610999705628672/v9IHqULI_normal.jpeg","http://pbs.twimg.com/profile_images/578610999705628672/v9IHqULI_normal.jpeg","https://pbs.twimg.com/profile_images/578610999705628672/v9IHqULI_normal.jpeg","1DA1F2","C0DEED","DDEEF6","333333",TRUE,TRUE,FALSE,NA
"59544698","Pandemia_Info","Pandemia_Info","London","A new strain of flu  called the swine flu is creating an international stir. It is putting health monitoring agencies on extreme high alert.",FALSE,4291,5277,78,2009-07-23 18:22:04,7,0,"London",FALSE,FALSE,7512,"en",FALSE,FALSE,FALSE,"9AE4E8","http://pbs.twimg.com/profile_background_images/25043348/Pandemia-Background.jpg","https://pbs.twimg.com/profile_background_images/25043348/Pandemia-Background.jpg",FALSE,"http://pbs.twimg.com/profile_images/328639109/Pandemia_Picture_normal.GIF","https://pbs.twimg.com/profile_images/328639109/Pandemia_Picture_normal.GIF","http://pbs.twimg.com/profile_images/328639109/Pandemia_Picture_normal.GIF","https://pbs.twimg.com/profile_images/328639109/Pandemia_Picture_normal.GIF","0084B4","F50814","DBB2B9","333333",TRUE,FALSE,FALSE,NA
"3211107197","sua decepção <f0><U+009F><U+0087><U+00AE><f0><U+009F><U+0087><U+00B9>","halebmarivers","Rosewood, Pensilvânia","<f0><U+009F><U+008D><U+008D>ESPALHE AMOR<f0><U+009F><U+008D><U+008D>JOÃO- 3:16 <f0><U+009F><U+008C><U+008D><f0><U+009F><U+0092><U+0099><U+271D>  <f0><U+009F><U+008C><U+0080>Sou meio crazy mas sou um amorzinho<f0><U+009F><U+0092><U+00A5>UMA VERDADEIRA LITTLE LIAR<f0><U+009F><U+0085><U+00B0> 
<f0><U+009F><U+0087><U+00AE><f0><U+009F><U+0087><U+00B9> Um Sentimento Verde, Branco e Grená<U+2764><f0><U+009F><U+0092><U+009A>",FALSE,1085,975,2,2015-04-27 04:21:29,13378,NA,NA,TRUE,FALSE,18925,"pt",FALSE,FALSE,FALSE,"000000","http://abs.twimg.com/images/themes/theme1/bg.png","https://abs.twimg.com/images/themes/theme1/bg.png",FALSE,"http://pbs.twimg.com/profile_images/969301765995851776/NGWFM5l9_normal.jpg","https://pbs.twimg.com/profile_images/969301765995851776/NGWFM5l9_normal.jpg","http://pbs.twimg.com/profile_images/969301765995851776/NGWFM5l9_normal.jpg","https://pbs.twimg.com/profile_images/969301765995851776/NGWFM5l9_normal.jpg","000000","000000","000000","000000",FALSE,FALSE,FALSE,"https://pbs.twimg.com/profile_banners/3211107197/1519754806"
"945456556002480128","Felipe_mendes.s","Felipemendess3","Niterói, Brasil","<U+2764><U+26BD><f0><U+009F><U+0099><U+008F>",FALSE,41,89,0,2017-12-26 00:49:43,226,NA,NA,TRUE,FALSE,21,"pt",FALSE,FALSE,FALSE,"F5F8FA",NA,NA,FALSE,"http://pbs.twimg.com/profile_images/947560027971350530/TsNRNWjY_normal.jpg","https://pbs.twimg.com/profile_images/947560027971350530/TsNRNWjY_normal.jpg","http://pbs.twimg.com/profile_images/947560027971350530/TsNRNWjY_normal.jpg","https://pbs.twimg.com/profile_images/947560027971350530/TsNRNWjY_normal.jpg","1DA1F2","C0DEED","DDEEF6","333333",TRUE,TRUE,FALSE,"https://pbs.twimg.com/profile_banners/945456556002480128/1514750493"
"22540607","KVIA ABC-7 News","abc7breaking","El Paso","El Paso & Las Cruces News, Weather & Sports",FALSE,87504,438,538,2009-03-02 21:53:49,1118,-25200,"Mountain Time (US & Canada)",TRUE,FALSE,59779,"en",FALSE,FALSE,FALSE,"000000","http://pbs.twimg.com/profile_background_images/378800000105497484/31214fd49f600b04ca272ed54bf03223.jpeg","https://pbs.twimg.com/profile_background_images/378800000105497484/31214fd49f600b04ca272ed54bf03223.jpeg",FALSE,"http://pbs.twimg.com/profile_images/739835432674811904/RnCHIzXd_normal.jpg","https://pbs.twimg.com/profile_images/739835432674811904/RnCHIzXd_normal.jpg","http://pbs.twimg.com/profile_images/739835432674811904/RnCHIzXd_normal.jpg","https://pbs.twimg.com/profile_images/739835432674811904/RnCHIzXd_normal.jpg","710707","FFFFFF","FFBF00","000000",TRUE,FALSE,FALSE,NA
"615041271","Giz","GlZLET","Up North Ahh Kid, Sheffield","@SuperiorUnbound   Simple and clean. GT: Super Gizlet. Also known as Gizzy. I don't like polish people also chavy muslims who buy financed cars and act bad",FALSE,375,148,1,2012-06-22 08:01:35,4544,0,"London",FALSE,FALSE,9656,"en",FALSE,FALSE,FALSE,"569FD2","http://pbs.twimg.com/profile_background_images/585866977/xc93dd7996daef642a611dbb005401a9.jpg","https://pbs.twimg.com/profile_background_images/585866977/xc93dd7996daef642a611dbb005401a9.jpg",FALSE,"http://pbs.twimg.com/profile_images/955782452584370178/VO4zTc6s_normal.jpg","https://pbs.twimg.com/profile_images/955782452584370178/VO4zTc6s_normal.jpg","http://pbs.twimg.com/profile_images/955782452584370178/VO4zTc6s_normal.jpg","https://pbs.twimg.com/profile_images/955782452584370178/VO4zTc6s_normal.jpg","F58EA8","F1F2E8","F1F2E8","96B949",TRUE,FALSE,FALSE,"https://pbs.twimg.com/profile_banners/615041271/1517778569"
"774658921235636224","gus","sclguga",NA,"+55 021",FALSE,517,338,1,2016-09-10 17:20:54,5543,NA,NA,FALSE,FALSE,4881,"pt",FALSE,FALSE,FALSE,"F5F8FA",NA,NA,FALSE,"http://pbs.twimg.com/profile_images/945512428883898368/1O6yTDpi_normal.jpg","https://pbs.twimg.com/profile_images/945512428883898368/1O6yTDpi_normal.jpg","http://pbs.twimg.com/profile_images/945512428883898368/1O6yTDpi_normal.jpg","https://pbs.twimg.com/profile_images/945512428883898368/1O6yTDpi_normal.jpg","1DA1F2","C0DEED","DDEEF6","333333",TRUE,TRUE,FALSE,"https://pbs.twimg.com/profile_banners/774658921235636224/1513031525"
"2602382526","Burt's Pharmacy","burtspharmacy","Newbury Park, CA","Serving our community with a smiling face, great prices, medical equipment, fine gifts and much more! #Pharmacy #Compounding",FALSE,532,505,3,2014-07-03 23:16:34,272,NA,NA,FALSE,FALSE,1184,"en",FALSE,FALSE,FALSE,"C0DEED","http://abs.twimg.com/images/themes/theme1/bg.png","https://abs.twimg.com/images/themes/theme1/bg.png",FALSE,"http://pbs.twimg.com/profile_images/842814841257574401/t65UbOrK_normal.jpg","https://pbs.twimg.com/profile_images/842814841257574401/t65UbOrK_normal.jpg","http://pbs.twimg.com/profile_images/842814841257574401/t65UbOrK_normal.jpg","https://pbs.twimg.com/profile_images/842814841257574401/t65UbOrK_normal.jpg","0066B0","C0DEED","DDEEF6","333333",TRUE,FALSE,FALSE,"https://pbs.twimg.com/profile_banners/2602382526/1489777608"
"125220494","Álvaro <f0><U+009F><U+0087><U+00AD><f0><U+009F><U+0087><U+00BA>","alvarooalves","Boa Vista, Brasil","24 anos, Bacharel em Administração, Secretário de Juventude - PV/RR,. torcedor e apaixonado pelo @FluminenseFC, torcedor do Real Madrid, política e futebol.",FALSE,1027,740,28,2010-03-22 03:21:28,6227,-10800,"Brasilia",TRUE,FALSE,101181,"pt",FALSE,FALSE,FALSE,"ABB8C2","http://pbs.twimg.com/profile_background_images/636774506674159616/KcCaPU3W.jpg","https://pbs.twimg.com/profile_background_images/636774506674159616/KcCaPU3W.jpg",TRUE,"http://pbs.twimg.com/profile_images/968072877076566017/hZcvQgV3_normal.jpg","https://pbs.twimg.com/profile_images/968072877076566017/hZcvQgV3_normal.jpg","http://pbs.twimg.com/profile_images/968072877076566017/hZcvQgV3_normal.jpg","https://pbs.twimg.com/profile_images/968072877076566017/hZcvQgV3_normal.jpg","1B95E0","000000","E3E2DE","634047",TRUE,FALSE,FALSE,"https://pbs.twimg.com/profile_banners/125220494/1505490112"
"869410772199387141","<U+2764>Madlamini<U+2764>","Sanesh_21","Cape Town,// Mthatha","I'm my own competition<U+2764>",FALSE,1001,907,0,2017-05-30 04:30:55,4877,NA,NA,TRUE,FALSE,4758,"en",FALSE,FALSE,FALSE,"F5F8FA",NA,NA,FALSE,"http://pbs.twimg.com/profile_images/955530902729379840/0ZK-DyFH_normal.jpg","https://pbs.twimg.com/profile_images/955530902729379840/0ZK-DyFH_normal.jpg","http://pbs.twimg.com/profile_images/955530902729379840/0ZK-DyFH_normal.jpg","https://pbs.twimg.com/profile_images/955530902729379840/0ZK-DyFH_normal.jpg","1DA1F2","C0DEED","DDEEF6","333333",TRUE,TRUE,FALSE,"https://pbs.twimg.com/profile_banners/869410772199387141/1516789176"
"75463615","STEPin2","SophieAzouaou","San Francisco","#Ecoexpert #Health #Green #GreenLiving #Sustainable #GreenDesign #HealthNews #Meditation #Philanthropy",FALSE,1909,1455,120,2009-09-19 03:40:27,1008,-28800,"Pacific Time (US & Canada)",TRUE,FALSE,19618,"en",FALSE,FALSE,FALSE,"131516","http://pbs.twimg.com/profile_background_images/451567512/Floral_.jpg","https://pbs.twimg.com/profile_background_images/451567512/Floral_.jpg",FALSE,"http://pbs.twimg.com/profile_images/775089116140572672/WliDqOwQ_normal.jpg","https://pbs.twimg.com/profile_images/775089116140572672/WliDqOwQ_normal.jpg","http://pbs.twimg.com/profile_images/775089116140572672/WliDqOwQ_normal.jpg","https://pbs.twimg.com/profile_images/775089116140572672/WliDqOwQ_normal.jpg","009999","C0DEED","DDEEF6","333333",TRUE,FALSE,FALSE,"https://pbs.twimg.com/profile_banners/75463615/1404072091"
"122266934","Dominque from Shady Oaks trailor park","cheezitfan1",NA,"If we die in each others arms, still get laid in that afterlife!!",FALSE,4196,963,61,2010-03-12 04:24:41,19831,-21600,"Central Time (US & Canada)",TRUE,FALSE,32168,"en",FALSE,FALSE,FALSE,"FFE24F","http://pbs.twimg.com/profile_background_images/696630350/b628689a69ac01a0952a727008efeebb.png","https://pbs.twimg.com/profile_background_images/696630350/b628689a69ac01a0952a727008efeebb.png",TRUE,"http://pbs.twimg.com/profile_images/940804007773265921/kpY47DIb_normal.jpg","https://pbs.twimg.com/profile_images/940804007773265921/kpY47DIb_normal.jpg","http://pbs.twimg.com/profile_images/940804007773265921/kpY47DIb_normal.jpg","https://pbs.twimg.com/profile_images/940804007773265921/kpY47DIb_normal.jpg","DE8E39","FFFFFF","2597CC","E01972",TRUE,FALSE,FALSE,"https://pbs.twimg.com/profile_banners/122266934/1499021828"
"445839138","HAN","hannah_bosworth","Newark / York","York St John - Business Student<f0><U+009F><U+0091><U+00A9><f0><U+009F><U+008F><U+00BC><U+200D><f0><U+009F><U+008E><U+0093><f0><U+009F><U+0093><U+009A>",FALSE,504,290,1,2011-12-24 23:34:06,834,NA,NA,TRUE,FALSE,3000,"en",FALSE,FALSE,FALSE,"C0DEED","http://pbs.twimg.com/profile_background_images/647119050/uhr45npl52hg8jkqk8ja.jpeg","https://pbs.twimg.com/profile_background_images/647119050/uhr45npl52hg8jkqk8ja.jpeg",TRUE,"http://pbs.twimg.com/profile_images/925681445049421824/UtPQgfiN_normal.jpg","https://pbs.twimg.com/profile_images/925681445049421824/UtPQgfiN_normal.jpg","http://pbs.twimg.com/profile_images/925681445049421824/UtPQgfiN_normal.jpg","https://pbs.twimg.com/profile_images/925681445049421824/UtPQgfiN_normal.jpg","F58EA8","C0DEED","DDEEF6","333333",TRUE,FALSE,FALSE,"https://pbs.twimg.com/profile_banners/445839138/1464447591"
"3027282644","Jo Springy <f0><U+009F><U+00A4><U+0097>","jospringy","cumbria","life is for living, but you need to smile along the way <f0><U+009F><U+0098><U+0081>",FALSE,171,391,3,2015-02-18 20:48:23,1942,NA,NA,TRUE,FALSE,2376,"en",FALSE,FALSE,FALSE,"C0DEED","http://abs.twimg.com/images/themes/theme1/bg.png","https://abs.twimg.com/images/themes/theme1/bg.png",FALSE,"http://pbs.twimg.com/profile_images/950139452713848832/dOQxWKEF_normal.jpg","https://pbs.twimg.com/profile_images/950139452713848832/dOQxWKEF_normal.jpg","http://pbs.twimg.com/profile_images/950139452713848832/dOQxWKEF_normal.jpg","https://pbs.twimg.com/profile_images/950139452713848832/dOQxWKEF_normal.jpg","1DA1F2","C0DEED","DDEEF6","333333",TRUE,TRUE,FALSE,"https://pbs.twimg.com/profile_banners/3027282644/1516315775"
"110209279","Bonita Applebum <f0><U+009F><U+0098><U+00BB>","Jaydotelle_","Fort Bragg, NC","hello. <U+2600><U+FE0F><U+2652><U+FE0F>",FALSE,1575,1740,7,2010-01-31 19:03:12,15865,-18000,"Quito",TRUE,FALSE,45471,"en",FALSE,FALSE,FALSE,"FF6699","http://pbs.twimg.com/profile_background_images/685718011/4ae6ebc9d7b87b114358307d6d3e4023.jpeg","https://pbs.twimg.com/profile_background_images/685718011/4ae6ebc9d7b87b114358307d6d3e4023.jpeg",TRUE,"http://pbs.twimg.com/profile_images/966706356614057984/I6bJKYJb_normal.jpg","https://pbs.twimg.com/profile_images/966706356614057984/I6bJKYJb_normal.jpg","http://pbs.twimg.com/profile_images/966706356614057984/I6bJKYJb_normal.jpg","https://pbs.twimg.com/profile_images/966706356614057984/I6bJKYJb_normal.jpg","F5ABB5","FFFFFF","EFEFEF","009999",FALSE,FALSE,FALSE,"https://pbs.twimg.com/profile_banners/110209279/1518379690"
"896151087488663552","v","ardentreflexion",NA,"reflecting on memories that've pained me into who i am. my first word was elk. my words ©. 18+. <U+25BD>IX<U+25B3>X https://t.co/RsqrJ7MLKU",FALSE,1455,697,25,2017-08-11 23:27:23,25548,NA,NA,FALSE,FALSE,18172,"en",FALSE,FALSE,FALSE,"000000","http://abs.twimg.com/images/themes/theme1/bg.png","https://abs.twimg.com/images/themes/theme1/bg.png",FALSE,"http://pbs.twimg.com/profile_images/963115248977956864/gfSW6IBF_normal.jpg","https://pbs.twimg.com/profile_images/963115248977956864/gfSW6IBF_normal.jpg","http://pbs.twimg.com/profile_images/963115248977956864/gfSW6IBF_normal.jpg","https://pbs.twimg.com/profile_images/963115248977956864/gfSW6IBF_normal.jpg","A50000","000000","000000","000000",FALSE,FALSE,FALSE,"https://pbs.twimg.com/profile_banners/896151087488663552/1518680717"
"415729890","Siyanda","CyandaYandu","Johannesburg, South Africa","<U+25AA>Buthelezi
<U+25AA>AFDA Live performance (2nd year)
<U+25AA>Aspiring politician
<U+25AA>Pisces
<U+25AA>Child of God
<U+25AA>Soweto",FALSE,1372,1298,10,2011-11-18 18:45:26,4748,-10800,"Greenland",TRUE,FALSE,10488,"en",FALSE,FALSE,FALSE,"C0DEED","http://abs.twimg.com/images/themes/theme1/bg.png","https://abs.twimg.com/images/themes/theme1/bg.png",FALSE,"http://pbs.twimg.com/profile_images/956996811180400640/TO9ze0uL_normal.jpg","https://pbs.twimg.com/profile_images/956996811180400640/TO9ze0uL_normal.jpg","http://pbs.twimg.com/profile_images/956996811180400640/TO9ze0uL_normal.jpg","https://pbs.twimg.com/profile_images/956996811180400640/TO9ze0uL_normal.jpg","1DA1F2","C0DEED","DDEEF6","333333",TRUE,TRUE,FALSE,NA
"112030336","Ernest MacGillivray","ernestma","New Brunswick, Canada","Promoting evidence based decision making, disaster risk reduction & community resilience.",FALSE,834,995,111,2010-02-07 01:20:20,1229,-10800,"Santiago",TRUE,FALSE,31899,"en",FALSE,FALSE,FALSE,"C0DEED","http://abs.twimg.com/images/themes/theme1/bg.png","https://abs.twimg.com/images/themes/theme1/bg.png",FALSE,"http://pbs.twimg.com/profile_images/378800000499908426/e3733c1cf05c6919977a85384fecda05_normal.jpeg","https://pbs.twimg.com/profile_images/378800000499908426/e3733c1cf05c6919977a85384fecda05_normal.jpeg","http://pbs.twimg.com/profile_images/378800000499908426/e3733c1cf05c6919977a85384fecda05_normal.jpeg","https://pbs.twimg.com/profile_images/378800000499908426/e3733c1cf05c6919977a85384fecda05_normal.jpeg","1DA1F2","C0DEED","DDEEF6","333333",TRUE,TRUE,FALSE,NA
"952085976918233088","Ethan Miles","SmokyDevil","In your mind","Be careful for what you’re trapped into. :: CEO of a multibillionaire enterprise :: #OC #RP+21 #Bi",FALSE,261,453,0,2018-01-13 07:52:40,193,NA,NA,FALSE,FALSE,738,"fr",FALSE,FALSE,FALSE,"000000","http://abs.twimg.com/images/themes/theme1/bg.png","https://abs.twimg.com/images/themes/theme1/bg.png",FALSE,"http://pbs.twimg.com/profile_images/952087512503209984/f5k0rw2u_normal.jpg","https://pbs.twimg.com/profile_images/952087512503209984/f5k0rw2u_normal.jpg","http://pbs.twimg.com/profile_images/952087512503209984/f5k0rw2u_normal.jpg","https://pbs.twimg.com/profile_images/952087512503209984/f5k0rw2u_normal.jpg","1B95E0","000000","000000","000000",FALSE,FALSE,FALSE,"https://pbs.twimg.com/profile_banners/952085976918233088/1515830339"
"825378261165293568","bianconeri","bixnconeri","Rio de Janeiro, Brasil","@BotafogoOficial @cavalinhoBFR @juventusfc @Official_NCFC @mxrcwlo",FALSE,1601,710,16,2017-01-28 16:21:27,35560,-28800,"Pacific Time (US & Canada)",TRUE,FALSE,350,"pt",FALSE,FALSE,FALSE,"F5F8FA",NA,NA,FALSE,"http://pbs.twimg.com/profile_images/967472890340954118/PUYF8frH_normal.jpg","https://pbs.twimg.com/profile_images/967472890340954118/PUYF8frH_normal.jpg","http://pbs.twimg.com/profile_images/967472890340954118/PUYF8frH_normal.jpg","https://pbs.twimg.com/profile_images/967472890340954118/PUYF8frH_normal.jpg","1DA1F2","C0DEED","DDEEF6","333333",TRUE,TRUE,FALSE,"https://pbs.twimg.com/profile_banners/825378261165293568/1518571648"
"3433649319","Death By Mage","DeathByMage","Soladis, a land of magic","The Adventures of #TeamBAJA | #DnD #dnd5e blog for advice & inspiration | @EncounterRP Writer for News & Reviews | Patreon: https://t.co/S52BJHBNS5",FALSE,2835,1113,81,2015-08-21 02:06:31,43145,-18000,"Eastern Time (US & Canada)",FALSE,FALSE,16566,"en",FALSE,FALSE,FALSE,"C0DEED","http://pbs.twimg.com/profile_background_images/634551889623838720/S88XRir0.png","https://pbs.twimg.com/profile_background_images/634551889623838720/S88XRir0.png",FALSE,"http://pbs.twimg.com/profile_images/860561195505418240/RRozGlVG_normal.jpg","https://pbs.twimg.com/profile_images/860561195505418240/RRozGlVG_normal.jpg","http://pbs.twimg.com/profile_images/860561195505418240/RRozGlVG_normal.jpg","https://pbs.twimg.com/profile_images/860561195505418240/RRozGlVG_normal.jpg","0084B4","000000","000000","000000",TRUE,FALSE,FALSE,"https://pbs.twimg.com/profile_banners/3433649319/1440124363"
"191085894","Hector Werlang","hectorwerlang","Rio de Janeiro","Jornalista",FALSE,6114,750,72,2010-09-15 15:37:51,67,-10800,"Brasilia",FALSE,FALSE,12008,"pt",FALSE,FALSE,FALSE,"C0DEED","http://abs.twimg.com/images/themes/theme1/bg.png","https://abs.twimg.com/images/themes/theme1/bg.png",FALSE,"http://pbs.twimg.com/profile_images/758010609447399424/lJRt0Hjj_normal.jpg","https://pbs.twimg.com/profile_images/758010609447399424/lJRt0Hjj_normal.jpg","http://pbs.twimg.com/profile_images/758010609447399424/lJRt0Hjj_normal.jpg","https://pbs.twimg.com/profile_images/758010609447399424/lJRt0Hjj_normal.jpg","1DA1F2","C0DEED","DDEEF6","333333",TRUE,TRUE,FALSE,"https://pbs.twimg.com/profile_banners/191085894/1452369337"
"24700876","Toronto Sun","TheTorontoSun","365 Bloor St. E., Toronto, ON","Toronto's best local news, sports, entertainment, comment, pictures and video.",FALSE,288746,470,1899,2009-03-16 14:45:06,606,-18000,"Eastern Time (US & Canada)",TRUE,TRUE,142007,"en",FALSE,FALSE,FALSE,"131516","http://pbs.twimg.com/profile_background_images/658414654/nuk1zs6v8vr8w43yz03k.jpeg","https://pbs.twimg.com/profile_background_images/658414654/nuk1zs6v8vr8w43yz03k.jpeg",TRUE,"http://pbs.twimg.com/profile_images/797145490512982016/aB2-lfir_normal.jpg","https://pbs.twimg.com/profile_images/797145490512982016/aB2-lfir_normal.jpg","http://pbs.twimg.com/profile_images/797145490512982016/aB2-lfir_normal.jpg","https://pbs.twimg.com/profile_images/797145490512982016/aB2-lfir_normal.jpg","DD2E44","EEEEEE","EFEFEF","333333",TRUE,FALSE,FALSE,"https://pbs.twimg.com/profile_banners/24700876/1478877873"
"73146127","Vinicius Daniel","Vdanielferreira","Salvador",NA,FALSE,207,816,21,2009-09-10 15:50:29,534,-10800,"Brasilia",TRUE,FALSE,3014,"en",FALSE,FALSE,FALSE,"000000","http://pbs.twimg.com/profile_background_images/88583204/2008-SMS-Twenty-Fifth-Anniversary-Mustang-Concept-Clouds-1920x1440-1.jpg","https://pbs.twimg.com/profile_background_images/88583204/2008-SMS-Twenty-Fifth-Anniversary-Mustang-Concept-Clouds-1920x1440-1.jpg",FALSE,"http://pbs.twimg.com/profile_images/1609035918/25102011092_normal.jpg","https://pbs.twimg.com/profile_images/1609035918/25102011092_normal.jpg","http://pbs.twimg.com/profile_images/1609035918/25102011092_normal.jpg","https://pbs.twimg.com/profile_images/1609035918/25102011092_normal.jpg","F0120E","2E3349","2E3349","808080",TRUE,FALSE,FALSE,NA
"936237821953761280","01/02/2018 <f0><U+009F><U+0098><U+008D><f0><U+009F><U+0092><U+008F><U+2764>","Markiin_Flu","01/02/2018 <f0><U+009F><U+0098><U+008D><U+2764><f0><U+009F><U+0092><U+008D>","<U+25B6><U+FE0F> @Dri_ofc <f0><U+009F><U+0098><U+008D><f0><U+009F><U+0092><U+008F><f0><U+009F><U+0099><U+008F> @FluminenseFC <U+2764><f0><U+009F><U+0092><U+009A> @ChelseaFC_pt <f0><U+009F><U+0092><U+0099> Mangueira <f0><U+009F><U+0092><U+0096><f0><U+009F><U+0092><U+009A> Volte Sempre <U+25C0>",FALSE,521,1041,0,2017-11-30 14:17:45,3868,NA,NA,FALSE,FALSE,7101,"pt",FALSE,FALSE,FALSE,"F5F8FA",NA,NA,FALSE,"http://pbs.twimg.com/profile_images/960311562220326912/L0qyuJFe_normal.jpg","https://pbs.twimg.com/profile_images/960311562220326912/L0qyuJFe_normal.jpg","http://pbs.twimg.com/profile_images/960311562220326912/L0qyuJFe_normal.jpg","https://pbs.twimg.com/profile_images/960311562220326912/L0qyuJFe_normal.jpg","1DA1F2","C0DEED","DDEEF6","333333",TRUE,TRUE,FALSE,"https://pbs.twimg.com/profile_banners/936237821953761280/1515123173"
"877886503313039360","Melisa Smith","TheGlassPantry","Oregon, USA","https://t.co/1UIZf7aHRu  Food | Stained Glass | Travel Adventures<f0><U+009F><U+008D><U+00B7>",FALSE,119,393,1,2017-06-22 13:50:27,1153,NA,NA,FALSE,FALSE,494,"en",FALSE,FALSE,FALSE,"F5F8FA",NA,NA,FALSE,"http://pbs.twimg.com/profile_images/877896902418849793/yebo2677_normal.jpg","https://pbs.twimg.com/profile_images/877896902418849793/yebo2677_normal.jpg","http://pbs.twimg.com/profile_images/877896902418849793/yebo2677_normal.jpg","https://pbs.twimg.com/profile_images/877896902418849793/yebo2677_normal.jpg","1DA1F2","C0DEED","DDEEF6","333333",TRUE,TRUE,FALSE,"https://pbs.twimg.com/profile_banners/877886503313039360/1498141257"
"61769050","Pharmac1st","ahbagiyo","Jakarta","https://t.co/qoDoy7YNn8 https://t.co/cfq0BJJxtj https://t.co/Rx7VKe0R87",FALSE,1351,2396,21,2009-07-31 13:22:04,469,25200,"Jakarta",TRUE,FALSE,38164,"en",FALSE,FALSE,FALSE,"000000","http://abs.twimg.com/images/themes/theme14/bg.gif","https://abs.twimg.com/images/themes/theme14/bg.gif",FALSE,"http://pbs.twimg.com/profile_images/832759535358009344/pgVl2SQo_normal.jpg","https://pbs.twimg.com/profile_images/832759535358009344/pgVl2SQo_normal.jpg","http://pbs.twimg.com/profile_images/832759535358009344/pgVl2SQo_normal.jpg","https://pbs.twimg.com/profile_images/832759535358009344/pgVl2SQo_normal.jpg","981CEB","000000","000000","000000",FALSE,FALSE,FALSE,"https://pbs.twimg.com/profile_banners/61769050/1494398383"
"3507908480","<f0><U+009F><U+0092><U+008C>","bronwynnrosee","LV, Nevada","Stoned Vegetarian Stripper. @NicHasNoTwitt3r<f0><U+009F><U+0092><U+009A> https://t.co/pkWhgKSFCe <U+2661> Neil 1|7|17 snap~bongwynn73 IG~bongwynrosee <U+2728> C.R.E.A.M",FALSE,10900,634,62,2015-09-09 20:29:19,46490,-28800,"Pacific Time (US & Canada)",TRUE,FALSE,49248,"en",FALSE,FALSE,FALSE,"C0DEED","http://abs.twimg.com/images/themes/theme1/bg.png","https://abs.twimg.com/images/themes/theme1/bg.png",FALSE,"http://pbs.twimg.com/profile_images/968508491026477056/FJN2P-NY_normal.jpg","https://pbs.twimg.com/profile_images/968508491026477056/FJN2P-NY_normal.jpg","http://pbs.twimg.com/profile_images/968508491026477056/FJN2P-NY_normal.jpg","https://pbs.twimg.com/profile_images/968508491026477056/FJN2P-NY_normal.jpg","1DA1F2","C0DEED","DDEEF6","333333",TRUE,TRUE,FALSE,"https://pbs.twimg.com/profile_banners/3507908480/1511906188"
"772865636296826880","a jelly doughnut","wydMAXXiE","hustlerhq ","<f0><U+009F><U+0092><U+0095>",FALSE,754,279,0,2016-09-05 18:35:01,580,NA,NA,FALSE,FALSE,4567,"en",FALSE,FALSE,FALSE,"F5F8FA",NA,NA,FALSE,"http://pbs.twimg.com/profile_images/967065192873058305/CK9nZxk9_normal.jpg","https://pbs.twimg.com/profile_images/967065192873058305/CK9nZxk9_normal.jpg","http://pbs.twimg.com/profile_images/967065192873058305/CK9nZxk9_normal.jpg","https://pbs.twimg.com/profile_images/967065192873058305/CK9nZxk9_normal.jpg","1DA1F2","C0DEED","DDEEF6","333333",TRUE,TRUE,FALSE,"https://pbs.twimg.com/profile_banners/772865636296826880/1491333701"
"1296178248","Denise Cunniff","DeniseCunniff1","Texas, USA","Freedom loving TX grandma/artist. Despise identity politics. Liberty & Justice for all. 
Follow elsewhere:
https://t.co/ib3rgz34K3
https://t.co/LlmqE96XxV",FALSE,1693,2469,4,2013-03-24 18:27:53,34445,-28800,"Pacific Time (US & Canada)",FALSE,FALSE,36527,"en",FALSE,FALSE,FALSE,"000000","http://abs.twimg.com/images/themes/theme1/bg.png","https://abs.twimg.com/images/themes/theme1/bg.png",FALSE,"http://pbs.twimg.com/profile_images/422464517818167296/yjp3fF3Q_normal.jpeg","https://pbs.twimg.com/profile_images/422464517818167296/yjp3fF3Q_normal.jpeg","http://pbs.twimg.com/profile_images/422464517818167296/yjp3fF3Q_normal.jpeg","https://pbs.twimg.com/profile_images/422464517818167296/yjp3fF3Q_normal.jpeg","1B95E0","000000","000000","000000",FALSE,FALSE,FALSE,NA
"898266764475289600","NaomiNatters","NaomiNatters","United Kingdom","""a living breathing screaming invitation to believe better things.”

Contact - naominatters@hotmail.com",FALSE,195,426,1,2017-08-17 19:34:20,102,NA,NA,TRUE,FALSE,260,"en",FALSE,FALSE,FALSE,"000000","http://abs.twimg.com/images/themes/theme1/bg.png","https://abs.twimg.com/images/themes/theme1/bg.png",FALSE,"http://pbs.twimg.com/profile_images/898268289905963009/EaqcJpFP_normal.jpg","https://pbs.twimg.com/profile_images/898268289905963009/EaqcJpFP_normal.jpg","http://pbs.twimg.com/profile_images/898268289905963009/EaqcJpFP_normal.jpg","https://pbs.twimg.com/profile_images/898268289905963009/EaqcJpFP_normal.jpg","F58EA8","000000","000000","000000",FALSE,FALSE,FALSE,"https://pbs.twimg.com/profile_banners/898266764475289600/1519842524"
"388678144","Hannah Culbert","HannahCulbert",NA,"Actress/Model • VA <U+2708><U+FE0F> NYC • || Instagram: hannahlynneculbert | SnapChat: hannahculbert ||",FALSE,778,396,2,2011-10-11 04:45:39,4982,-14400,"Atlantic Time (Canada)",TRUE,FALSE,30797,"en",FALSE,FALSE,FALSE,"131516","http://pbs.twimg.com/profile_background_images/725554437/a542f051ed2b8a11fa08f69f2692138e.jpeg","https://pbs.twimg.com/profile_background_images/725554437/a542f051ed2b8a11fa08f69f2692138e.jpeg",TRUE,"http://pbs.twimg.com/profile_images/950205598766977025/3mvuf2LW_normal.jpg","https://pbs.twimg.com/profile_images/950205598766977025/3mvuf2LW_normal.jpg","http://pbs.twimg.com/profile_images/950205598766977025/3mvuf2LW_normal.jpg","https://pbs.twimg.com/profile_images/950205598766977025/3mvuf2LW_normal.jpg","A230BF","FFFFFF","EFEFEF","333333",TRUE,FALSE,FALSE,"https://pbs.twimg.com/profile_banners/388678144/1515381644"
"4699583149","Sam <U+2606>","Eu_Levii_Costa","Zona Norte","I make videos @FluminenseFC <U+2764>",FALSE,357,731,0,2016-01-03 00:45:39,2274,NA,NA,FALSE,FALSE,4915,"pt",FALSE,FALSE,FALSE,"F5F8FA",NA,NA,FALSE,"http://pbs.twimg.com/profile_images/960332144601165824/xDXlgGgB_normal.jpg","https://pbs.twimg.com/profile_images/960332144601165824/xDXlgGgB_normal.jpg","http://pbs.twimg.com/profile_images/960332144601165824/xDXlgGgB_normal.jpg","https://pbs.twimg.com/profile_images/960332144601165824/xDXlgGgB_normal.jpg","1DA1F2","C0DEED","DDEEF6","333333",TRUE,TRUE,FALSE,"https://pbs.twimg.com/profile_banners/4699583149/1519770691"
"391606436","eshaan.","eezus_17",NA,NA,FALSE,468,400,11,2011-10-15 20:49:42,10063,-18000,"Eastern Time (US & Canada)",TRUE,FALSE,21530,"en",FALSE,FALSE,FALSE,"022330","http://pbs.twimg.com/profile_background_images/548745495/times-square-cabs-colorsplash.jpg","https://pbs.twimg.com/profile_background_images/548745495/times-square-cabs-colorsplash.jpg",TRUE,"http://pbs.twimg.com/profile_images/954108483795906560/DxjnS_Tp_normal.jpg","https://pbs.twimg.com/profile_images/954108483795906560/DxjnS_Tp_normal.jpg","http://pbs.twimg.com/profile_images/954108483795906560/DxjnS_Tp_normal.jpg","https://pbs.twimg.com/profile_images/954108483795906560/DxjnS_Tp_normal.jpg","0084B4","C0DEED","DDEEF6","333333",TRUE,FALSE,FALSE,"https://pbs.twimg.com/profile_banners/391606436/1509397688"
"160422515","Denise","debattisti","Brasil","Send Me Your Love...",FALSE,119,192,1,2010-06-28 03:53:49,1135,-10800,"Brasilia",FALSE,FALSE,3268,"pt",FALSE,FALSE,FALSE,"642D8B","http://abs.twimg.com/images/themes/theme10/bg.gif","https://abs.twimg.com/images/themes/theme10/bg.gif",TRUE,"http://pbs.twimg.com/profile_images/826567392276918273/mrIqR7zt_normal.jpg","https://pbs.twimg.com/profile_images/826567392276918273/mrIqR7zt_normal.jpg","http://pbs.twimg.com/profile_images/826567392276918273/mrIqR7zt_normal.jpg","https://pbs.twimg.com/profile_images/826567392276918273/mrIqR7zt_normal.jpg","FF0000","65B0DA","7AC3EE","3D1957",TRUE,FALSE,FALSE,"https://pbs.twimg.com/profile_banners/160422515/1519742452"
"2364184611","JD","amorous2271",NA,NA,FALSE,958,1298,13,2014-02-25 03:45:48,13093,NA,NA,FALSE,FALSE,8903,"en",FALSE,FALSE,FALSE,"C0DEED","http://abs.twimg.com/images/themes/theme1/bg.png","https://abs.twimg.com/images/themes/theme1/bg.png",FALSE,"http://pbs.twimg.com/profile_images/438161968013508608/jX6-LXiw_normal.jpeg","https://pbs.twimg.com/profile_images/438161968013508608/jX6-LXiw_normal.jpeg","http://pbs.twimg.com/profile_images/438161968013508608/jX6-LXiw_normal.jpeg","https://pbs.twimg.com/profile_images/438161968013508608/jX6-LXiw_normal.jpeg","1DA1F2","C0DEED","DDEEF6","333333",TRUE,TRUE,FALSE,NA
"857492561962950656","P.moeketsi<f0><U+009F><U+0092><U+0096>motaung","Pontsho27647226","South Africa(northern cape)","love,live,pray<f0><U+009F><U+0098><U+0098>[God never forsakes<f0><U+009F><U+0091><U+008F>his own]
pontshomoeketsi88@gmail.com<U+2764><U+2764><U+2764>",FALSE,1730,1986,5,2017-04-27 07:12:13,6531,NA,NA,FALSE,FALSE,5539,"en",FALSE,FALSE,FALSE,"F5F8FA",NA,NA,FALSE,"http://pbs.twimg.com/profile_images/968940861508681728/eIRK02Sh_normal.jpg","https://pbs.twimg.com/profile_images/968940861508681728/eIRK02Sh_normal.jpg","http://pbs.twimg.com/profile_images/968940861508681728/eIRK02Sh_normal.jpg","https://pbs.twimg.com/profile_images/968940861508681728/eIRK02Sh_normal.jpg","1DA1F2","C0DEED","DDEEF6","333333",TRUE,TRUE,FALSE,"https://pbs.twimg.com/profile_banners/857492561962950656/1519197376"
"1055852336","PrepperJunkie","PrepperJunkie",NA,"YouTube: https://t.co/xuriAQmkAR    
#survival #prepper #preppertalk #vet #2A #beprepared #shtf",FALSE,5512,1216,126,2013-01-02 19:02:54,387,-21600,"Central Time (US & Canada)",FALSE,FALSE,17446,"en",FALSE,FALSE,FALSE,"022330","http://pbs.twimg.com/profile_background_images/497835849006870528/wtNLbFdq.jpeg","https://pbs.twimg.com/profile_background_images/497835849006870528/wtNLbFdq.jpeg",FALSE,"http://pbs.twimg.com/profile_images/491681899358584833/effNQYjm_normal.png","https://pbs.twimg.com/profile_images/491681899358584833/effNQYjm_normal.png","http://pbs.twimg.com/profile_images/491681899358584833/effNQYjm_normal.png","https://pbs.twimg.com/profile_images/491681899358584833/effNQYjm_normal.png","000000","FFFFFF","DDEEF6","333333",TRUE,FALSE,FALSE,"https://pbs.twimg.com/profile_banners/1055852336/1463433067"
"3156725163","maicão","Maicuo","Casa do crlh","@flamengo",FALSE,1094,1034,10,2015-04-11 15:28:19,7512,-28800,"Pacific Time (US & Canada)",TRUE,FALSE,45508,"pt",FALSE,FALSE,FALSE,"303030","http://pbs.twimg.com/profile_background_images/652111039132266496/SKOiXTDy.jpg","https://pbs.twimg.com/profile_background_images/652111039132266496/SKOiXTDy.jpg",TRUE,"http://pbs.twimg.com/profile_images/967878289284059142/uwNfjDpE_normal.jpg","https://pbs.twimg.com/profile_images/967878289284059142/uwNfjDpE_normal.jpg","http://pbs.twimg.com/profile_images/967878289284059142/uwNfjDpE_normal.jpg","https://pbs.twimg.com/profile_images/967878289284059142/uwNfjDpE_normal.jpg","330033","000000","000000","000000",TRUE,FALSE,FALSE,"https://pbs.twimg.com/profile_banners/3156725163/1519338494"
"35768240","DJ Big 6","DJBig6","South Carolina, USA","DJ (Wedding/Events/RadioMixshows) Need CD Dups/Free Shipping/SpinrillaUpload/Promo w/order @WhipYoWorkDJs @EMPIR3_DJS @nervedjs #ff #teamfollowback",FALSE,7101,5706,73,2009-04-27 15:23:59,1541,-18000,"Eastern Time (US & Canada)",FALSE,FALSE,30778,"en",FALSE,FALSE,FALSE,"ABB8C2","http://pbs.twimg.com/profile_background_images/528588356653834240/jdrtwtiD.jpeg","https://pbs.twimg.com/profile_background_images/528588356653834240/jdrtwtiD.jpeg",TRUE,"http://pbs.twimg.com/profile_images/822519549727834112/vzR1-u9l_normal.jpg","https://pbs.twimg.com/profile_images/822519549727834112/vzR1-u9l_normal.jpg","http://pbs.twimg.com/profile_images/822519549727834112/vzR1-u9l_normal.jpg","https://pbs.twimg.com/profile_images/822519549727834112/vzR1-u9l_normal.jpg","ABB8C2","000000","DDEEF6","333333",TRUE,FALSE,FALSE,"https://pbs.twimg.com/profile_banners/35768240/1461022800"
"94876548","miss idgaf","hulkhogan15",NA,"sorry.i'm not the real hulk hogan,just a fan.do your research before insulting me with memes. @RustyRages has my <f0><U+009F><U+0092><U+0099>",FALSE,480,508,9,2009-12-05 21:57:55,176,NA,NA,FALSE,FALSE,87313,"en",FALSE,FALSE,FALSE,"C0DEED","http://abs.twimg.com/images/themes/theme1/bg.png","https://abs.twimg.com/images/themes/theme1/bg.png",FALSE,"http://pbs.twimg.com/profile_images/935989574307844097/_7YMIAfy_normal.jpg","https://pbs.twimg.com/profile_images/935989574307844097/_7YMIAfy_normal.jpg","http://pbs.twimg.com/profile_images/935989574307844097/_7YMIAfy_normal.jpg","https://pbs.twimg.com/profile_images/935989574307844097/_7YMIAfy_normal.jpg","1DA1F2","C0DEED","DDEEF6","333333",TRUE,TRUE,FALSE,"https://pbs.twimg.com/profile_banners/94876548/1510186534"
"198721922","Jazzy<f0><U+009F><U+0092><U+008B>","_Jazzy25_","Better Me..","...King Ja'Mere Caiden Law..",FALSE,1371,1159,12,2010-10-05 02:07:35,5746,-28800,"Pacific Time (US & Canada)",FALSE,FALSE,90394,"en",FALSE,FALSE,FALSE,"C0DEED","http://pbs.twimg.com/profile_background_images/779610712/f50b8bf0df7ac9a8b36f8d686a1c9d7f.jpeg","https://pbs.twimg.com/profile_background_images/779610712/f50b8bf0df7ac9a8b36f8d686a1c9d7f.jpeg",TRUE,"http://pbs.twimg.com/profile_images/956361358001438721/rfFWyaJQ_normal.jpg","https://pbs.twimg.com/profile_images/956361358001438721/rfFWyaJQ_normal.jpg","http://pbs.twimg.com/profile_images/956361358001438721/rfFWyaJQ_normal.jpg","https://pbs.twimg.com/profile_images/956361358001438721/rfFWyaJQ_normal.jpg","0084B4","FFFFFF","DDEEF6","333333",TRUE,FALSE,FALSE,"https://pbs.twimg.com/profile_banners/198721922/1500942497"
"344398518","Debi Edward Lawrence","karatelady","Mississauga, Ontario","I work with animals, practice karate and love rock & roll.",FALSE,112,408,3,2011-07-29 00:45:05,5322,-21600,"Central Time (US & Canada)",FALSE,FALSE,923,"en",FALSE,FALSE,FALSE,"000000","http://abs.twimg.com/images/themes/theme1/bg.png","https://abs.twimg.com/images/themes/theme1/bg.png",FALSE,"http://pbs.twimg.com/profile_images/3393536270/df6999b16a57e88d05cc0f3e5e75a442_normal.jpeg","https://pbs.twimg.com/profile_images/3393536270/df6999b16a57e88d05cc0f3e5e75a442_normal.jpeg","http://pbs.twimg.com/profile_images/3393536270/df6999b16a57e88d05cc0f3e5e75a442_normal.jpeg","https://pbs.twimg.com/profile_images/3393536270/df6999b16a57e88d05cc0f3e5e75a442_normal.jpeg","3B94D9","000000","000000","000000",FALSE,FALSE,FALSE,NA
"865246985057484805","Dan Stanbery","dan_stanbery","San Jose, CA","conservative, married, 3 sons, love life, people, but if you cannot contribute/building a good life for yourself and the USA, you should find a new home",FALSE,3041,2759,6,2017-05-18 16:45:31,49822,NA,NA,TRUE,FALSE,64386,"en",FALSE,FALSE,FALSE,"F5F8FA",NA,NA,FALSE,"http://pbs.twimg.com/profile_images/867742370359644161/PnoQn1ph_normal.jpg","https://pbs.twimg.com/profile_images/867742370359644161/PnoQn1ph_normal.jpg","http://pbs.twimg.com/profile_images/867742370359644161/PnoQn1ph_normal.jpg","https://pbs.twimg.com/profile_images/867742370359644161/PnoQn1ph_normal.jpg","1DA1F2","C0DEED","DDEEF6","333333",TRUE,TRUE,FALSE,NA
"2173272619","hart","demonichart","madrid","running on black coffee and borrowed time",FALSE,527,612,2,2013-11-04 03:53:18,14181,-21600,"Central Time (US & Canada)",TRUE,FALSE,10634,"en",FALSE,FALSE,FALSE,"8B542B","http://pbs.twimg.com/profile_background_images/479872675779575808/woJHU-XA.jpeg","https://pbs.twimg.com/profile_background_images/479872675779575808/woJHU-XA.jpeg",FALSE,"http://pbs.twimg.com/profile_images/912471484270080000/XyDWvxq5_normal.jpg","https://pbs.twimg.com/profile_images/912471484270080000/XyDWvxq5_normal.jpg","http://pbs.twimg.com/profile_images/912471484270080000/XyDWvxq5_normal.jpg","https://pbs.twimg.com/profile_images/912471484270080000/XyDWvxq5_normal.jpg","ABB8C2","FFFFFF","DDEEF6","333333",TRUE,FALSE,FALSE,"https://pbs.twimg.com/profile_banners/2173272619/1506385131"
"708791049737605121","Sue Morrish","sams_monkey","Devon","Passionate about sepsis awareness, flu vaccs for children, better bereavement care & better NHS investigations when things go wrong. 
Loving and missing Sam. x",FALSE,640,294,2,2016-03-12 23:05:29,3852,0,"London",FALSE,FALSE,1834,"en",FALSE,FALSE,FALSE,"000000","http://abs.twimg.com/images/themes/theme1/bg.png","https://abs.twimg.com/images/themes/theme1/bg.png",FALSE,"http://pbs.twimg.com/profile_images/801193834612985857/CV6KC13b_normal.jpg","https://pbs.twimg.com/profile_images/801193834612985857/CV6KC13b_normal.jpg","http://pbs.twimg.com/profile_images/801193834612985857/CV6KC13b_normal.jpg","https://pbs.twimg.com/profile_images/801193834612985857/CV6KC13b_normal.jpg","ABB8C2","000000","000000","000000",FALSE,FALSE,FALSE,"https://pbs.twimg.com/profile_banners/708791049737605121/1510236653"
"952762097229881344","jay","Jayvtvshow","Chicago, IL","I have a YOUTUBE channel. I'm a single gal trying to make it in the big city!",FALSE,42,54,0,2018-01-15 04:39:20,206,NA,NA,FALSE,FALSE,322,"en",FALSE,FALSE,FALSE,"F5F8FA",NA,NA,FALSE,"http://pbs.twimg.com/profile_images/952763142219722752/n8MuiKIu_normal.jpg","https://pbs.twimg.com/profile_images/952763142219722752/n8MuiKIu_normal.jpg","http://pbs.twimg.com/profile_images/952763142219722752/n8MuiKIu_normal.jpg","https://pbs.twimg.com/profile_images/952763142219722752/n8MuiKIu_normal.jpg","1DA1F2","C0DEED","DDEEF6","333333",TRUE,TRUE,FALSE,"https://pbs.twimg.com/profile_banners/952762097229881344/1515991408"
"562346664","Jacob Banks","HumanOptimize","WorldWide","It's not the future we are afraid of its repeating the past that makes us anxious. Life is a succession of lessons that have to be lived to be understood.",FALSE,95098,60415,276,2012-04-24 19:07:49,488,0,"London",FALSE,FALSE,92249,"en",FALSE,FALSE,FALSE,"000000","http://abs.twimg.com/images/themes/theme14/bg.gif","https://abs.twimg.com/images/themes/theme14/bg.gif",FALSE,"http://pbs.twimg.com/profile_images/962198387755020288/2k-NG3yB_normal.jpg","https://pbs.twimg.com/profile_images/962198387755020288/2k-NG3yB_normal.jpg","http://pbs.twimg.com/profile_images/962198387755020288/2k-NG3yB_normal.jpg","https://pbs.twimg.com/profile_images/962198387755020288/2k-NG3yB_normal.jpg","FF691F","000000","000000","000000",FALSE,FALSE,FALSE,"https://pbs.twimg.com/profile_banners/562346664/1518240958"
"1745382194","Henry Ford","HetGreatGatsby",NA,"@HetGreatDaisy is my other half. We're about as good a couple as Henry Ford and Karl Marx.",FALSE,142,21,6,2013-09-07 10:56:28,891,0,"London",TRUE,FALSE,135,"en",FALSE,FALSE,FALSE,"000000","http://pbs.twimg.com/profile_background_images/499731185560322048/KWLIur3P.jpeg","https://pbs.twimg.com/profile_background_images/499731185560322048/KWLIur3P.jpeg",TRUE,"http://pbs.twimg.com/profile_images/959210179396079616/ray9qi46_normal.jpg","https://pbs.twimg.com/profile_images/959210179396079616/ray9qi46_normal.jpg","http://pbs.twimg.com/profile_images/959210179396079616/ray9qi46_normal.jpg","https://pbs.twimg.com/profile_images/959210179396079616/ray9qi46_normal.jpg","1B95E0","000000","DDEEF6","333333",TRUE,FALSE,FALSE,"https://pbs.twimg.com/profile_banners/1745382194/1450738380"
"322889065","James Walker","DrJimmyandBOB",NA,NA,FALSE,683,328,89,2011-06-23 22:28:09,114361,NA,NA,FALSE,FALSE,119914,"en",FALSE,FALSE,FALSE,"C0DEED","http://abs.twimg.com/images/themes/theme1/bg.png","https://abs.twimg.com/images/themes/theme1/bg.png",FALSE,"http://pbs.twimg.com/profile_images/752892441548709888/LwkJpRnC_normal.jpg","https://pbs.twimg.com/profile_images/752892441548709888/LwkJpRnC_normal.jpg","http://pbs.twimg.com/profile_images/752892441548709888/LwkJpRnC_normal.jpg","https://pbs.twimg.com/profile_images/752892441548709888/LwkJpRnC_normal.jpg","1DA1F2","C0DEED","DDEEF6","333333",TRUE,TRUE,FALSE,"https://pbs.twimg.com/profile_banners/322889065/1491797167"
